Loading weights:   0%|          | 0/272 [00:00<?, ?it/s]Loading weights: 100%|██████████| 272/272 [00:00<00:00, 13843.26it/s]
Loading weights:   0%|          | 0/290 [00:00<?, ?it/s]Loading weights: 100%|██████████| 290/290 [00:00<00:00, 13519.79it/s]
Loading weights:   0%|          | 0/218 [00:00<?, ?it/s]Loading weights: 100%|██████████| 218/218 [00:00<00:00, 13551.07it/s]
{
  "all_gates_pass": false,
  "data": {
    "configuration": "wikitext-103-raw-v1",
    "dataset": "Salesforce/wikitext",
    "revision": "b08601e04326c79dfdd32d625aee71d232d685c3",
    "sequence_length": 256,
    "validation_tokens": 4096
  },
  "environment": {
    "cuda_runtime": "13.0",
    "datasets": "4.8.4",
    "gpu": "NVIDIA RTX PRO 6000 Blackwell Server Edition",
    "gpu_capability": [
      12,
      0
    ],
    "python": "3.12.3",
    "torch": "2.12.1+cu130",
    "transformers": "5.14.0"
  },
  "gates": {
    "all_cell_twofold_bounds_pass": false,
    "all_width_trends_non_worsening": true
  },
  "models": [
    {
      "all_cell_gates_pass": false,
      "cells": [
        {
          "depth_fraction": 0.26666666666666666,
          "kind": "qkv",
          "layer": 7,
          "sequence_count": 16,
          "sequences": [
            {
              "error_0p01": {
                "input_basis_ideal_cost_ratio": 1.3203125,
                "input_basis_rank": 234,
                "input_basis_rank_fraction": 0.9140625,
                "output_oracle_ideal_cost_ratio": 1.26953125,
                "output_oracle_rank": 225,
                "output_oracle_rank_fraction": 0.87890625
              },
              "error_0p05": {
                "input_basis_ideal_cost_ratio": 0.9309895833333333,
                "input_basis_rank": 165,
                "input_basis_rank_fraction": 0.64453125,
                "output_oracle_ideal_cost_ratio": 0.8407118055555556,
                "output_oracle_rank": 149,
                "output_oracle_rank_fraction": 0.58203125
              },
              "error_0p1": {
                "input_basis_ideal_cost_ratio": 0.6714409722222222,
                "input_basis_rank": 119,
                "input_basis_rank_fraction": 0.46484375,
                "output_oracle_ideal_cost_ratio": 0.5755208333333334,
                "output_oracle_rank": 102,
                "output_oracle_rank_fraction": 0.3984375
              },
              "input_effective_rank": 4.8064284324646
            },
            {
              "error_0p01": {
                "input_basis_ideal_cost_ratio": 1.3428819444444444,
                "input_basis_rank": 238,
                "input_basis_rank_fraction": 0.9296875,
                "output_oracle_ideal_cost_ratio": 1.2977430555555556,
                "output_oracle_rank": 230,
                "output_oracle_rank_fraction": 0.8984375
              },
              "error_0p05": {
                "input_basis_ideal_cost_ratio": 0.9874131944444444,
                "input_basis_rank": 175,
                "input_basis_rank_fraction": 0.68359375,
                "output_oracle_ideal_cost_ratio": 0.8971354166666667,
                "output_oracle_rank": 159,
                "output_oracle_rank_fraction": 0.62109375
              },
              "error_0p1": {
                "input_basis_ideal_cost_ratio": 0.7335069444444444,
                "input_basis_rank": 130,
                "input_basis_rank_fraction": 0.5078125,
                "output_oracle_ideal_cost_ratio": 0.6319444444444444,
                "output_oracle_rank": 112,
                "output_oracle_rank_fraction": 0.4375
              },
              "input_effective_rank": 4.8491668701171875
            },
            {
              "error_0p01": {
                "input_basis_ideal_cost_ratio": 1.2977430555555556,
                "input_basis_rank": 230,
                "input_basis_rank_fraction": 0.8984375,
                "output_oracle_ideal_cost_ratio": 1.2469618055555556,
                "output_oracle_rank": 221,
                "output_oracle_rank_fraction": 0.86328125
              },
              "error_0p05": {
                "input_basis_ideal_cost_ratio": 0.9084201388888888,
                "input_basis_rank": 161,
                "input_basis_rank_fraction": 0.62890625,
                "output_oracle_ideal_cost_ratio": 0.8237847222222222,
                "output_oracle_rank": 146,
                "output_oracle_rank_fraction": 0.5703125
              },
              "error_0p1": {
                "input_basis_ideal_cost_ratio": 0.66015625,
                "input_basis_rank": 117,
                "input_basis_rank_fraction": 0.45703125,
                "output_oracle_ideal_cost_ratio": 0.5642361111111112,
                "output_oracle_rank": 100,
                "output_oracle_rank_fraction": 0.390625
              },
              "input_effective_rank": 3.8131797313690186
            },
            {
              "error_0p01": {
                "input_basis_ideal_cost_ratio": 1.3485243055555556,
                "input_basis_rank": 239,
                "input_basis_rank_fraction": 0.93359375,
                "output_oracle_ideal_cost_ratio": 1.3090277777777777,
                "output_oracle_rank": 232,
                "output_oracle_rank_fraction": 0.90625
              },
              "error_0p05": {
                "input_basis_ideal_cost_ratio": 1.0381944444444444,
                "input_basis_rank": 184,
                "input_basis_rank_fraction": 0.71875,
                "output_oracle_ideal_cost_ratio": 0.9422743055555556,
                "output_oracle_rank": 167,
                "output_oracle_rank_fraction": 0.65234375
              },
              "error_0p1": {
                "input_basis_ideal_cost_ratio": 0.7842881944444444,
                "input_basis_rank": 139,
                "input_basis_rank_fraction": 0.54296875,
                "output_oracle_ideal_cost_ratio": 0.6714409722222222,
                "output_oracle_rank": 119,
                "output_oracle_rank_fraction": 0.46484375
              },
              "input_effective_rank": 4.723090171813965
            },
            {
              "error_0p01": {
                "input_basis_ideal_cost_ratio": 1.3315972222222223,
                "input_basis_rank": 236,
                "input_basis_rank_fraction": 0.921875,
                "output_oracle_ideal_cost_ratio": 1.2977430555555556,
                "output_oracle_rank": 230,
                "output_oracle_rank_fraction": 0.8984375
              },
              "error_0p05": {
                "input_basis_ideal_cost_ratio": 1.0325520833333333,
                "input_basis_rank": 183,
                "input_basis_rank_fraction": 0.71484375,
                "output_oracle_ideal_cost_ratio": 0.9422743055555556,
                "output_oracle_rank": 167,
                "output_oracle_rank_fraction": 0.65234375
              },
              "error_0p1": {
                "input_basis_ideal_cost_ratio": 0.7899305555555556,
                "input_basis_rank": 140,
                "input_basis_rank_fraction": 0.546875,
                "output_oracle_ideal_cost_ratio": 0.6770833333333334,
                "output_oracle_rank": 120,
                "output_oracle_rank_fraction": 0.46875
              },
              "input_effective_rank": 4.857637405395508
            },
            {
              "error_0p01": {
                "input_basis_ideal_cost_ratio": 1.3090277777777777,
                "input_basis_rank": 232,
                "input_basis_rank_fraction": 0.90625,
                "output_oracle_ideal_cost_ratio": 1.2751736111111112,
                "output_oracle_rank": 226,
                "output_oracle_rank_fraction": 0.8828125
              },
              "error_0p05": {
                "input_basis_ideal_cost_ratio": 1.0043402777777777,
                "input_basis_rank": 178,
                "input_basis_rank_fraction": 0.6953125,
                "output_oracle_ideal_cost_ratio": 0.9140625,
                "output_oracle_rank": 162,
                "output_oracle_rank_fraction": 0.6328125
              },
              "error_0p1": {
                "input_basis_ideal_cost_ratio": 0.7560763888888888,
                "input_basis_rank": 134,
                "input_basis_rank_fraction": 0.5234375,
                "output_oracle_ideal_cost_ratio": 0.6488715277777778,
                "output_oracle_rank": 115,
                "output_oracle_rank_fraction": 0.44921875
              },
              "input_effective_rank": 4.018313407897949
            },
            {
              "error_0p01": {
                "input_basis_ideal_cost_ratio": 1.3654513888888888,
                "input_basis_rank": 242,
                "input_basis_rank_fraction": 0.9453125,
                "output_oracle_ideal_cost_ratio": 1.3259548611111112,
                "output_oracle_rank": 235,
                "output_oracle_rank_fraction": 0.91796875
              },
              "error_0p05": {
                "input_basis_ideal_cost_ratio": 1.0381944444444444,
                "input_basis_rank": 184,
                "input_basis_rank_fraction": 0.71875,
                "output_oracle_ideal_cost_ratio": 0.9366319444444444,
                "output_oracle_rank": 166,
                "output_oracle_rank_fraction": 0.6484375
              },
              "error_0p1": {
                "input_basis_ideal_cost_ratio": 0.7786458333333334,
                "input_basis_rank": 138,
                "input_basis_rank_fraction": 0.5390625,
                "output_oracle_ideal_cost_ratio": 0.6714409722222222,
                "output_oracle_rank": 119,
                "output_oracle_rank_fraction": 0.46484375
              },
              "input_effective_rank": 5.626311779022217
            },
            {
              "error_0p01": {
                "input_basis_ideal_cost_ratio": 1.3203125,
                "input_basis_rank": 234,
                "input_basis_rank_fraction": 0.9140625,
                "output_oracle_ideal_cost_ratio": 1.2751736111111112,
                "output_oracle_rank": 226,
                "output_oracle_rank_fraction": 0.8828125
              },
              "error_0p05": {
                "input_basis_ideal_cost_ratio": 0.9479166666666667,
                "input_basis_rank": 168,
                "input_basis_rank_fraction": 0.65625,
                "output_oracle_ideal_cost_ratio": 0.86328125,
                "output_oracle_rank": 153,
                "output_oracle_rank_fraction": 0.59765625
              },
              "error_0p1": {
                "input_basis_ideal_cost_ratio": 0.7052951388888888,
                "input_basis_rank": 125,
                "input_basis_rank_fraction": 0.48828125,
                "output_oracle_ideal_cost_ratio": 0.6037326388888888,
                "output_oracle_rank": 107,
                "output_oracle_rank_fraction": 0.41796875
              },
              "input_effective_rank": 3.9907121658325195
            },
            {
              "error_0p01": {
                "input_basis_ideal_cost_ratio": 1.3541666666666667,
                "input_basis_rank": 240,
                "input_basis_rank_fraction": 0.9375,
                "output_oracle_ideal_cost_ratio": 1.3203125,
                "output_oracle_rank": 234,
                "output_oracle_rank_fraction": 0.9140625
              },
              "error_0p05": {
                "input_basis_ideal_cost_ratio": 1.0494791666666667,
                "input_basis_rank": 186,
                "input_basis_rank_fraction": 0.7265625,
                "output_oracle_ideal_cost_ratio": 0.9535590277777778,
                "output_oracle_rank": 169,
                "output_oracle_rank_fraction": 0.66015625
              },
              "error_0p1": {
                "input_basis_ideal_cost_ratio": 0.7955729166666666,
                "input_basis_rank": 141,
                "input_basis_rank_fraction": 0.55078125,
                "output_oracle_ideal_cost_ratio": 0.6827256944444444,
                "output_oracle_rank": 121,
                "output_oracle_rank_fraction": 0.47265625
              },
              "input_effective_rank": 4.993083953857422
            },
            {
              "error_0p01": {
                "input_basis_ideal_cost_ratio": 1.2864583333333333,
                "input_basis_rank": 228,
                "input_basis_rank_fraction": 0.890625,
                "output_oracle_ideal_cost_ratio": 1.2356770833333333,
                "output_oracle_rank": 219,
                "output_oracle_rank_fraction": 0.85546875
              },
              "error_0p05": {
                "input_basis_ideal_cost_ratio": 0.8802083333333333,
                "input_basis_rank": 156,
                "input_basis_rank_fraction": 0.609375,
                "output_oracle_ideal_cost_ratio": 0.8012152777777778,
                "output_oracle_rank": 142,
                "output_oracle_rank_fraction": 0.5546875
              },
              "error_0p1": {
                "input_basis_ideal_cost_ratio": 0.6319444444444444,
                "input_basis_rank": 112,
                "input_basis_rank_fraction": 0.4375,
                "output_oracle_ideal_cost_ratio": 0.5473090277777778,
                "output_oracle_rank": 97,
                "output_oracle_rank_fraction": 0.37890625
              },
              "input_effective_rank": 5.877138614654541
            },
            {
              "error_0p01": {
                "input_basis_ideal_cost_ratio": 1.3315972222222223,
                "input_basis_rank": 236,
                "input_basis_rank_fraction": 0.921875,
                "output_oracle_ideal_cost_ratio": 1.2921006944444444,
                "output_oracle_rank": 229,
                "output_oracle_rank_fraction": 0.89453125
              },
              "error_0p05": {
                "input_basis_ideal_cost_ratio": 0.9930555555555556,
                "input_basis_rank": 176,
                "input_basis_rank_fraction": 0.6875,
                "output_oracle_ideal_cost_ratio": 0.9027777777777778,
                "output_oracle_rank": 160,
                "output_oracle_rank_fraction": 0.625
              },
              "error_0p1": {
                "input_basis_ideal_cost_ratio": 0.7335069444444444,
                "input_basis_rank": 130,
                "input_basis_rank_fraction": 0.5078125,
                "output_oracle_ideal_cost_ratio": 0.6319444444444444,
                "output_oracle_rank": 112,
                "output_oracle_rank_fraction": 0.4375
              },
              "input_effective_rank": 4.929144382476807
            },
            {
              "error_0p01": {
                "input_basis_ideal_cost_ratio": 1.37109375,
                "input_basis_rank": 243,
                "input_basis_rank_fraction": 0.94921875,
                "output_oracle_ideal_cost_ratio": 1.3372395833333333,
                "output_oracle_rank": 237,
                "output_oracle_rank_fraction": 0.92578125
              },
              "error_0p05": {
                "input_basis_ideal_cost_ratio": 1.0776909722222223,
                "input_basis_rank": 191,
                "input_basis_rank_fraction": 0.74609375,
                "output_oracle_ideal_cost_ratio": 0.9761284722222222,
                "output_oracle_rank": 173,
                "output_oracle_rank_fraction": 0.67578125
              },
              "error_0p1": {
                "input_basis_ideal_cost_ratio": 0.8181423611111112,
                "input_basis_rank": 145,
                "input_basis_rank_fraction": 0.56640625,
                "output_oracle_ideal_cost_ratio": 0.6996527777777778,
                "output_oracle_rank": 124,
                "output_oracle_rank_fraction": 0.484375
              },
              "input_effective_rank": 6.4563422203063965
            },
            {
              "error_0p01": {
                "input_basis_ideal_cost_ratio": 1.3541666666666667,
                "input_basis_rank": 240,
                "input_basis_rank_fraction": 0.9375,
                "output_oracle_ideal_cost_ratio": 1.3033854166666667,
                "output_oracle_rank": 231,
                "output_oracle_rank_fraction": 0.90234375
              },
              "error_0p05": {
                "input_basis_ideal_cost_ratio": 0.9704861111111112,
                "input_basis_rank": 172,
                "input_basis_rank_fraction": 0.671875,
                "output_oracle_ideal_cost_ratio": 0.8802083333333333,
                "output_oracle_rank": 156,
                "output_oracle_rank_fraction": 0.609375
              },
              "error_0p1": {
                "input_basis_ideal_cost_ratio": 0.7109375,
                "input_basis_rank": 126,
                "input_basis_rank_fraction": 0.4921875,
                "output_oracle_ideal_cost_ratio": 0.6150173611111112,
                "output_oracle_rank": 109,
                "output_oracle_rank_fraction": 0.42578125
              },
              "input_effective_rank": 5.727584362030029
            },
            {
              "error_0p01": {
                "input_basis_ideal_cost_ratio": 1.3259548611111112,
                "input_basis_rank": 235,
                "input_basis_rank_fraction": 0.91796875,
                "output_oracle_ideal_cost_ratio": 1.2751736111111112,
                "output_oracle_rank": 226,
                "output_oracle_rank_fraction": 0.8828125
              },
              "error_0p05": {
                "input_basis_ideal_cost_ratio": 0.9479166666666667,
                "input_basis_rank": 168,
                "input_basis_rank_fraction": 0.65625,
                "output_oracle_ideal_cost_ratio": 0.86328125,
                "output_oracle_rank": 153,
                "output_oracle_rank_fraction": 0.59765625
              },
              "error_0p1": {
                "input_basis_ideal_cost_ratio": 0.7109375,
                "input_basis_rank": 126,
                "input_basis_rank_fraction": 0.4921875,
                "output_oracle_ideal_cost_ratio": 0.6150173611111112,
                "output_oracle_rank": 109,
                "output_oracle_rank_fraction": 0.42578125
              },
              "input_effective_rank": 5.572281837463379
            },
            {
              "error_0p01": {
                "input_basis_ideal_cost_ratio": 1.3541666666666667,
                "input_basis_rank": 240,
                "input_basis_rank_fraction": 0.9375,
                "output_oracle_ideal_cost_ratio": 1.3146701388888888,
                "output_oracle_rank": 233,
                "output_oracle_rank_fraction": 0.91015625
              },
              "error_0p05": {
                "input_basis_ideal_cost_ratio": 1.0212673611111112,
                "input_basis_rank": 181,
                "input_basis_rank_fraction": 0.70703125,
                "output_oracle_ideal_cost_ratio": 0.9309895833333333,
                "output_oracle_rank": 165,
                "output_oracle_rank_fraction": 0.64453125
              },
              "error_0p1": {
                "input_basis_ideal_cost_ratio": 0.7786458333333334,
                "input_basis_rank": 138,
                "input_basis_rank_fraction": 0.5390625,
                "output_oracle_ideal_cost_ratio": 0.6714409722222222,
                "output_oracle_rank": 119,
                "output_oracle_rank_fraction": 0.46484375
              },
              "input_effective_rank": 6.681817531585693
            },
            {
              "error_0p01": {
                "input_basis_ideal_cost_ratio": 1.3033854166666667,
                "input_basis_rank": 231,
                "input_basis_rank_fraction": 0.90234375,
                "output_oracle_ideal_cost_ratio": 1.2526041666666667,
                "output_oracle_rank": 222,
                "output_oracle_rank_fraction": 0.8671875
              },
              "error_0p05": {
                "input_basis_ideal_cost_ratio": 0.9197048611111112,
                "input_basis_rank": 163,
                "input_basis_rank_fraction": 0.63671875,
                "output_oracle_ideal_cost_ratio": 0.8350694444444444,
                "output_oracle_rank": 148,
                "output_oracle_rank_fraction": 0.578125
              },
              "error_0p1": {
                "input_basis_ideal_cost_ratio": 0.6714409722222222,
                "input_basis_rank": 119,
                "input_basis_rank_fraction": 0.46484375,
                "output_oracle_ideal_cost_ratio": 0.5868055555555556,
                "output_oracle_rank": 104,
                "output_oracle_rank_fraction": 0.40625
              },
              "input_effective_rank": 7.021914482116699
            }
          ],
          "summary": {
            "all_cell_gates_pass": false,
            "error_0p01": {
              "input_basis_ideal_cost_ratio": {
                "max": 1.37109375,
                "median": 1.3315972222222223,
                "min": 1.2864583333333333,
                "p90": 1.3598090277777777
              },
              "input_basis_rank_fraction": {
                "max": 0.94921875,
                "median": 0.921875,
                "min": 0.890625,
                "p90": 0.94140625
              },
              "output_oracle_ideal_cost_ratio": {
                "max": 1.3372395833333333,
                "median": 1.2921006944444444,
                "min": 1.2356770833333333,
                "p90": 1.3231336805555556
              },
              "output_oracle_rank_fraction": {
                "max": 0.92578125,
                "median": 0.89453125,
                "min": 0.85546875,
                "p90": 0.916015625
              }
            },
            "error_0p05": {
              "input_basis_ideal_cost_ratio": {
                "max": 1.0776909722222223,
                "median": 0.9874131944444444,
                "min": 0.8802083333333333,
                "p90": 1.0438368055555556
              },
              "input_basis_rank_fraction": {
                "max": 0.74609375,
                "median": 0.68359375,
                "min": 0.609375,
                "p90": 0.72265625
              },
              "output_oracle_ideal_cost_ratio": {
                "max": 0.9761284722222222,
                "median": 0.8971354166666667,
                "min": 0.8012152777777778,
                "p90": 0.9479166666666667
              },
              "output_oracle_rank_fraction": {
                "max": 0.67578125,
                "median": 0.62109375,
                "min": 0.5546875,
                "p90": 0.65625
              }
            },
            "error_0p1": {
              "input_basis_ideal_cost_ratio": {
                "max": 0.8181423611111112,
                "median": 0.7335069444444444,
                "min": 0.6319444444444444,
                "p90": 0.7927517361111112
              },
              "input_basis_rank_fraction": {
                "max": 0.56640625,
                "median": 0.5078125,
                "min": 0.4375,
                "p90": 0.548828125
              },
              "output_oracle_ideal_cost_ratio": {
                "max": 0.6996527777777778,
                "median": 0.6319444444444444,
                "min": 0.5473090277777778,
                "p90": 0.6799045138888888
              },
              "output_oracle_rank_fraction": {
                "max": 0.484375,
                "median": 0.4375,
                "min": 0.37890625,
                "p90": 0.470703125
              }
            },
            "gates": {
              "input_basis_median_cost_at_most_0p5": false,
              "input_basis_p90_cost_at_most_0p5": false,
              "oracle_median_cost_at_most_0p5": false,
              "oracle_p90_cost_at_most_0p5": false
            },
            "input_effective_rank": {
              "max": 7.021914482116699,
              "median": 4.929144382476807,
              "min": 3.8131797313690186,
              "p90": 6.569079875946045
            }
          }
        },
        {
          "depth_fraction": 0.5,
          "kind": "qkv",
          "layer": 14,
          "sequence_count": 16,
          "sequences": [
            {
              "error_0p01": {
                "input_basis_ideal_cost_ratio": 1.3541666666666667,
                "input_basis_rank": 240,
                "input_basis_rank_fraction": 0.9375,
                "output_oracle_ideal_cost_ratio": 1.2921006944444444,
                "output_oracle_rank": 229,
                "output_oracle_rank_fraction": 0.89453125
              },
              "error_0p05": {
                "input_basis_ideal_cost_ratio": 0.9874131944444444,
                "input_basis_rank": 175,
                "input_basis_rank_fraction": 0.68359375,
                "output_oracle_ideal_cost_ratio": 0.8294270833333333,
                "output_oracle_rank": 147,
                "output_oracle_rank_fraction": 0.57421875
              },
              "error_0p1": {
                "input_basis_ideal_cost_ratio": 0.6714409722222222,
                "input_basis_rank": 119,
                "input_basis_rank_fraction": 0.46484375,
                "output_oracle_ideal_cost_ratio": 0.5190972222222222,
                "output_oracle_rank": 92,
                "output_oracle_rank_fraction": 0.359375
              },
              "input_effective_rank": 2.124006509780884
            },
            {
              "error_0p01": {
                "input_basis_ideal_cost_ratio": 1.3823784722222223,
                "input_basis_rank": 245,
                "input_basis_rank_fraction": 0.95703125,
                "output_oracle_ideal_cost_ratio": 1.3315972222222223,
                "output_oracle_rank": 236,
                "output_oracle_rank_fraction": 0.921875
              },
              "error_0p05": {
                "input_basis_ideal_cost_ratio": 1.0607638888888888,
                "input_basis_rank": 188,
                "input_basis_rank_fraction": 0.734375,
                "output_oracle_ideal_cost_ratio": 0.8914930555555556,
                "output_oracle_rank": 158,
                "output_oracle_rank_fraction": 0.6171875
              },
              "error_0p1": {
                "input_basis_ideal_cost_ratio": 0.7447916666666666,
                "input_basis_rank": 132,
                "input_basis_rank_fraction": 0.515625,
                "output_oracle_ideal_cost_ratio": 0.5811631944444444,
                "output_oracle_rank": 103,
                "output_oracle_rank_fraction": 0.40234375
              },
              "input_effective_rank": 1.9344019889831543
            },
            {
              "error_0p01": {
                "input_basis_ideal_cost_ratio": 1.3315972222222223,
                "input_basis_rank": 236,
                "input_basis_rank_fraction": 0.921875,
                "output_oracle_ideal_cost_ratio": 1.2808159722222223,
                "output_oracle_rank": 227,
                "output_oracle_rank_fraction": 0.88671875
              },
              "error_0p05": {
                "input_basis_ideal_cost_ratio": 0.9930555555555556,
                "input_basis_rank": 176,
                "input_basis_rank_fraction": 0.6875,
                "output_oracle_ideal_cost_ratio": 0.8350694444444444,
                "output_oracle_rank": 148,
                "output_oracle_rank_fraction": 0.578125
              },
              "error_0p1": {
                "input_basis_ideal_cost_ratio": 0.6827256944444444,
                "input_basis_rank": 121,
                "input_basis_rank_fraction": 0.47265625,
                "output_oracle_ideal_cost_ratio": 0.5360243055555556,
                "output_oracle_rank": 95,
                "output_oracle_rank_fraction": 0.37109375
              },
              "input_effective_rank": 2.0511903762817383
            },
            {
              "error_0p01": {
                "input_basis_ideal_cost_ratio": 1.3993055555555556,
                "input_basis_rank": 248,
                "input_basis_rank_fraction": 0.96875,
                "output_oracle_ideal_cost_ratio": 1.3485243055555556,
                "output_oracle_rank": 239,
                "output_oracle_rank_fraction": 0.93359375
              },
              "error_0p05": {
                "input_basis_ideal_cost_ratio": 1.0946180555555556,
                "input_basis_rank": 194,
                "input_basis_rank_fraction": 0.7578125,
                "output_oracle_ideal_cost_ratio": 0.9253472222222222,
                "output_oracle_rank": 164,
                "output_oracle_rank_fraction": 0.640625
              },
              "error_0p1": {
                "input_basis_ideal_cost_ratio": 0.7786458333333334,
                "input_basis_rank": 138,
                "input_basis_rank_fraction": 0.5390625,
                "output_oracle_ideal_cost_ratio": 0.5980902777777778,
                "output_oracle_rank": 106,
                "output_oracle_rank_fraction": 0.4140625
              },
              "input_effective_rank": 1.955687403678894
            },
            {
              "error_0p01": {
                "input_basis_ideal_cost_ratio": 1.3823784722222223,
                "input_basis_rank": 245,
                "input_basis_rank_fraction": 0.95703125,
                "output_oracle_ideal_cost_ratio": 1.3315972222222223,
                "output_oracle_rank": 236,
                "output_oracle_rank_fraction": 0.921875
              },
              "error_0p05": {
                "input_basis_ideal_cost_ratio": 1.0720486111111112,
                "input_basis_rank": 190,
                "input_basis_rank_fraction": 0.7421875,
                "output_oracle_ideal_cost_ratio": 0.9027777777777778,
                "output_oracle_rank": 160,
                "output_oracle_rank_fraction": 0.625
              },
              "error_0p1": {
                "input_basis_ideal_cost_ratio": 0.76171875,
                "input_basis_rank": 135,
                "input_basis_rank_fraction": 0.52734375,
                "output_oracle_ideal_cost_ratio": 0.5868055555555556,
                "output_oracle_rank": 104,
                "output_oracle_rank_fraction": 0.40625
              },
              "input_effective_rank": 1.9778717756271362
            },
            {
              "error_0p01": {
                "input_basis_ideal_cost_ratio": 1.3428819444444444,
                "input_basis_rank": 238,
                "input_basis_rank_fraction": 0.9296875,
                "output_oracle_ideal_cost_ratio": 1.2977430555555556,
                "output_oracle_rank": 230,
                "output_oracle_rank_fraction": 0.8984375
              },
              "error_0p05": {
                "input_basis_ideal_cost_ratio": 1.0325520833333333,
                "input_basis_rank": 183,
                "input_basis_rank_fraction": 0.71484375,
                "output_oracle_ideal_cost_ratio": 0.86328125,
                "output_oracle_rank": 153,
                "output_oracle_rank_fraction": 0.59765625
              },
              "error_0p1": {
                "input_basis_ideal_cost_ratio": 0.7052951388888888,
                "input_basis_rank": 125,
                "input_basis_rank_fraction": 0.48828125,
                "output_oracle_ideal_cost_ratio": 0.5473090277777778,
                "output_oracle_rank": 97,
                "output_oracle_rank_fraction": 0.37890625
              },
              "input_effective_rank": 2.072458267211914
            },
            {
              "error_0p01": {
                "input_basis_ideal_cost_ratio": 1.3823784722222223,
                "input_basis_rank": 245,
                "input_basis_rank_fraction": 0.95703125,
                "output_oracle_ideal_cost_ratio": 1.3259548611111112,
                "output_oracle_rank": 235,
                "output_oracle_rank_fraction": 0.91796875
              },
              "error_0p05": {
                "input_basis_ideal_cost_ratio": 1.0607638888888888,
                "input_basis_rank": 188,
                "input_basis_rank_fraction": 0.734375,
                "output_oracle_ideal_cost_ratio": 0.8858506944444444,
                "output_oracle_rank": 157,
                "output_oracle_rank_fraction": 0.61328125
              },
              "error_0p1": {
                "input_basis_ideal_cost_ratio": 0.7391493055555556,
                "input_basis_rank": 131,
                "input_basis_rank_fraction": 0.51171875,
                "output_oracle_ideal_cost_ratio": 0.5698784722222222,
                "output_oracle_rank": 101,
                "output_oracle_rank_fraction": 0.39453125
              },
              "input_effective_rank": 1.94672691822052
            },
            {
              "error_0p01": {
                "input_basis_ideal_cost_ratio": 1.3654513888888888,
                "input_basis_rank": 242,
                "input_basis_rank_fraction": 0.9453125,
                "output_oracle_ideal_cost_ratio": 1.3090277777777777,
                "output_oracle_rank": 232,
                "output_oracle_rank_fraction": 0.90625
              },
              "error_0p05": {
                "input_basis_ideal_cost_ratio": 1.0212673611111112,
                "input_basis_rank": 181,
                "input_basis_rank_fraction": 0.70703125,
                "output_oracle_ideal_cost_ratio": 0.8576388888888888,
                "output_oracle_rank": 152,
                "output_oracle_rank_fraction": 0.59375
              },
              "error_0p1": {
                "input_basis_ideal_cost_ratio": 0.7109375,
                "input_basis_rank": 126,
                "input_basis_rank_fraction": 0.4921875,
                "output_oracle_ideal_cost_ratio": 0.5473090277777778,
                "output_oracle_rank": 97,
                "output_oracle_rank_fraction": 0.37890625
              },
              "input_effective_rank": 2.059526205062866
            },
            {
              "error_0p01": {
                "input_basis_ideal_cost_ratio": 1.3823784722222223,
                "input_basis_rank": 245,
                "input_basis_rank_fraction": 0.95703125,
                "output_oracle_ideal_cost_ratio": 1.3372395833333333,
                "output_oracle_rank": 237,
                "output_oracle_rank_fraction": 0.92578125
              },
              "error_0p05": {
                "input_basis_ideal_cost_ratio": 1.0720486111111112,
                "input_basis_rank": 190,
                "input_basis_rank_fraction": 0.7421875,
                "output_oracle_ideal_cost_ratio": 0.9084201388888888,
                "output_oracle_rank": 161,
                "output_oracle_rank_fraction": 0.62890625
              },
              "error_0p1": {
                "input_basis_ideal_cost_ratio": 0.7560763888888888,
                "input_basis_rank": 134,
                "input_basis_rank_fraction": 0.5234375,
                "output_oracle_ideal_cost_ratio": 0.5811631944444444,
                "output_oracle_rank": 103,
                "output_oracle_rank_fraction": 0.40234375
              },
              "input_effective_rank": 2.100857973098755
            },
            {
              "error_0p01": {
                "input_basis_ideal_cost_ratio": 1.3485243055555556,
                "input_basis_rank": 239,
                "input_basis_rank_fraction": 0.93359375,
                "output_oracle_ideal_cost_ratio": 1.2751736111111112,
                "output_oracle_rank": 226,
                "output_oracle_rank_fraction": 0.8828125
              },
              "error_0p05": {
                "input_basis_ideal_cost_ratio": 0.9479166666666667,
                "input_basis_rank": 168,
                "input_basis_rank_fraction": 0.65625,
                "output_oracle_ideal_cost_ratio": 0.7955729166666666,
                "output_oracle_rank": 141,
                "output_oracle_rank_fraction": 0.55078125
              },
              "error_0p1": {
                "input_basis_ideal_cost_ratio": 0.6319444444444444,
                "input_basis_rank": 112,
                "input_basis_rank_fraction": 0.4375,
                "output_oracle_ideal_cost_ratio": 0.49088541666666663,
                "output_oracle_rank": 87,
                "output_oracle_rank_fraction": 0.33984375
              },
              "input_effective_rank": 1.8842203617095947
            },
            {
              "error_0p01": {
                "input_basis_ideal_cost_ratio": 1.37109375,
                "input_basis_rank": 243,
                "input_basis_rank_fraction": 0.94921875,
                "output_oracle_ideal_cost_ratio": 1.3203125,
                "output_oracle_rank": 234,
                "output_oracle_rank_fraction": 0.9140625
              },
              "error_0p05": {
                "input_basis_ideal_cost_ratio": 1.0325520833333333,
                "input_basis_rank": 183,
                "input_basis_rank_fraction": 0.71484375,
                "output_oracle_ideal_cost_ratio": 0.8689236111111112,
                "output_oracle_rank": 154,
                "output_oracle_rank_fraction": 0.6015625
              },
              "error_0p1": {
                "input_basis_ideal_cost_ratio": 0.7109375,
                "input_basis_rank": 126,
                "input_basis_rank_fraction": 0.4921875,
                "output_oracle_ideal_cost_ratio": 0.5473090277777778,
                "output_oracle_rank": 97,
                "output_oracle_rank_fraction": 0.37890625
              },
              "input_effective_rank": 2.0531342029571533
            },
            {
              "error_0p01": {
                "input_basis_ideal_cost_ratio": 1.3993055555555556,
                "input_basis_rank": 248,
                "input_basis_rank_fraction": 0.96875,
                "output_oracle_ideal_cost_ratio": 1.3485243055555556,
                "output_oracle_rank": 239,
                "output_oracle_rank_fraction": 0.93359375
              },
              "error_0p05": {
                "input_basis_ideal_cost_ratio": 1.0946180555555556,
                "input_basis_rank": 194,
                "input_basis_rank_fraction": 0.7578125,
                "output_oracle_ideal_cost_ratio": 0.9197048611111112,
                "output_oracle_rank": 163,
                "output_oracle_rank_fraction": 0.63671875
              },
              "error_0p1": {
                "input_basis_ideal_cost_ratio": 0.7786458333333334,
                "input_basis_rank": 138,
                "input_basis_rank_fraction": 0.5390625,
                "output_oracle_ideal_cost_ratio": 0.5980902777777778,
                "output_oracle_rank": 106,
                "output_oracle_rank_fraction": 0.4140625
              },
              "input_effective_rank": 2.0028622150421143
            },
            {
              "error_0p01": {
                "input_basis_ideal_cost_ratio": 1.3767361111111112,
                "input_basis_rank": 244,
                "input_basis_rank_fraction": 0.953125,
                "output_oracle_ideal_cost_ratio": 1.3146701388888888,
                "output_oracle_rank": 233,
                "output_oracle_rank_fraction": 0.91015625
              },
              "error_0p05": {
                "input_basis_ideal_cost_ratio": 1.0269097222222223,
                "input_basis_rank": 182,
                "input_basis_rank_fraction": 0.7109375,
                "output_oracle_ideal_cost_ratio": 0.86328125,
                "output_oracle_rank": 153,
                "output_oracle_rank_fraction": 0.59765625
              },
              "error_0p1": {
                "input_basis_ideal_cost_ratio": 0.7165798611111112,
                "input_basis_rank": 127,
                "input_basis_rank_fraction": 0.49609375,
                "output_oracle_ideal_cost_ratio": 0.5529513888888888,
                "output_oracle_rank": 98,
                "output_oracle_rank_fraction": 0.3828125
              },
              "input_effective_rank": 1.991803765296936
            },
            {
              "error_0p01": {
                "input_basis_ideal_cost_ratio": 1.3767361111111112,
                "input_basis_rank": 244,
                "input_basis_rank_fraction": 0.953125,
                "output_oracle_ideal_cost_ratio": 1.3203125,
                "output_oracle_rank": 234,
                "output_oracle_rank_fraction": 0.9140625
              },
              "error_0p05": {
                "input_basis_ideal_cost_ratio": 1.0325520833333333,
                "input_basis_rank": 183,
                "input_basis_rank_fraction": 0.71484375,
                "output_oracle_ideal_cost_ratio": 0.8745659722222222,
                "output_oracle_rank": 155,
                "output_oracle_rank_fraction": 0.60546875
              },
              "error_0p1": {
                "input_basis_ideal_cost_ratio": 0.7222222222222222,
                "input_basis_rank": 128,
                "input_basis_rank_fraction": 0.5,
                "output_oracle_ideal_cost_ratio": 0.55859375,
                "output_oracle_rank": 99,
                "output_oracle_rank_fraction": 0.38671875
              },
              "input_effective_rank": 1.9688422679901123
            },
            {
              "error_0p01": {
                "input_basis_ideal_cost_ratio": 1.4049479166666667,
                "input_basis_rank": 249,
                "input_basis_rank_fraction": 0.97265625,
                "output_oracle_ideal_cost_ratio": 1.3541666666666667,
                "output_oracle_rank": 240,
                "output_oracle_rank_fraction": 0.9375
              },
              "error_0p05": {
                "input_basis_ideal_cost_ratio": 1.0889756944444444,
                "input_basis_rank": 193,
                "input_basis_rank_fraction": 0.75390625,
                "output_oracle_ideal_cost_ratio": 0.9197048611111112,
                "output_oracle_rank": 163,
                "output_oracle_rank_fraction": 0.63671875
              },
              "error_0p1": {
                "input_basis_ideal_cost_ratio": 0.7786458333333334,
                "input_basis_rank": 138,
                "input_basis_rank_fraction": 0.5390625,
                "output_oracle_ideal_cost_ratio": 0.5980902777777778,
                "output_oracle_rank": 106,
                "output_oracle_rank_fraction": 0.4140625
              },
              "input_effective_rank": 1.9422715902328491
            },
            {
              "error_0p01": {
                "input_basis_ideal_cost_ratio": 1.3541666666666667,
                "input_basis_rank": 240,
                "input_basis_rank_fraction": 0.9375,
                "output_oracle_ideal_cost_ratio": 1.2864583333333333,
                "output_oracle_rank": 228,
                "output_oracle_rank_fraction": 0.890625
              },
              "error_0p05": {
                "input_basis_ideal_cost_ratio": 0.9704861111111112,
                "input_basis_rank": 172,
                "input_basis_rank_fraction": 0.671875,
                "output_oracle_ideal_cost_ratio": 0.8125,
                "output_oracle_rank": 144,
                "output_oracle_rank_fraction": 0.5625
              },
              "error_0p1": {
                "input_basis_ideal_cost_ratio": 0.6545138888888888,
                "input_basis_rank": 116,
                "input_basis_rank_fraction": 0.453125,
                "output_oracle_ideal_cost_ratio": 0.5078125,
                "output_oracle_rank": 90,
                "output_oracle_rank_fraction": 0.3515625
              },
              "input_effective_rank": 1.999901533126831
            }
          ],
          "summary": {
            "all_cell_gates_pass": false,
            "error_0p01": {
              "input_basis_ideal_cost_ratio": {
                "max": 1.4049479166666667,
                "median": 1.3767361111111112,
                "min": 1.3315972222222223,
                "p90": 1.3993055555555556
              },
              "input_basis_rank_fraction": {
                "max": 0.97265625,
                "median": 0.953125,
                "min": 0.921875,
                "p90": 0.96875
              },
              "output_oracle_ideal_cost_ratio": {
                "max": 1.3541666666666667,
                "median": 1.3203125,
                "min": 1.2751736111111112,
                "p90": 1.3485243055555556
              },
              "output_oracle_rank_fraction": {
                "max": 0.9375,
                "median": 0.9140625,
                "min": 0.8828125,
                "p90": 0.93359375
              }
            },
            "error_0p05": {
              "input_basis_ideal_cost_ratio": {
                "max": 1.0946180555555556,
                "median": 1.0325520833333333,
                "min": 0.9479166666666667,
                "p90": 1.091796875
              },
              "input_basis_rank_fraction": {
                "max": 0.7578125,
                "median": 0.71484375,
                "min": 0.65625,
                "p90": 0.755859375
              },
              "output_oracle_ideal_cost_ratio": {
                "max": 0.9253472222222222,
                "median": 0.8689236111111112,
                "min": 0.7955729166666666,
                "p90": 0.9197048611111112
              },
              "output_oracle_rank_fraction": {
                "max": 0.640625,
                "median": 0.6015625,
                "min": 0.55078125,
                "p90": 0.63671875
              }
            },
            "error_0p1": {
              "input_basis_ideal_cost_ratio": {
                "max": 0.7786458333333334,
                "median": 0.7165798611111112,
                "min": 0.6319444444444444,
                "p90": 0.7786458333333334
              },
              "input_basis_rank_fraction": {
                "max": 0.5390625,
                "median": 0.49609375,
                "min": 0.4375,
                "p90": 0.5390625
              },
              "output_oracle_ideal_cost_ratio": {
                "max": 0.5980902777777778,
                "median": 0.5529513888888888,
                "min": 0.49088541666666663,
                "p90": 0.5980902777777778
              },
              "output_oracle_rank_fraction": {
                "max": 0.4140625,
                "median": 0.3828125,
                "min": 0.33984375,
                "p90": 0.4140625
              }
            },
            "gates": {
              "input_basis_median_cost_at_most_0p5": false,
              "input_basis_p90_cost_at_most_0p5": false,
              "oracle_median_cost_at_most_0p5": false,
              "oracle_p90_cost_at_most_0p5": false
            },
            "input_effective_rank": {
              "max": 2.124006509780884,
              "median": 1.991803765296936,
              "min": 1.8842203617095947,
              "p90": 2.0866581201553345
            }
          }
        },
        {
          "depth_fraction": 0.7333333333333333,
          "kind": "qkv",
          "layer": 21,
          "sequence_count": 16,
          "sequences": [
            {
              "error_0p01": {
                "input_basis_ideal_cost_ratio": 1.37109375,
                "input_basis_rank": 243,
                "input_basis_rank_fraction": 0.94921875,
                "output_oracle_ideal_cost_ratio": 1.3203125,
                "output_oracle_rank": 234,
                "output_oracle_rank_fraction": 0.9140625
              },
              "error_0p05": {
                "input_basis_ideal_cost_ratio": 1.0269097222222223,
                "input_basis_rank": 182,
                "input_basis_rank_fraction": 0.7109375,
                "output_oracle_ideal_cost_ratio": 0.8802083333333333,
                "output_oracle_rank": 156,
                "output_oracle_rank_fraction": 0.609375
              },
              "error_0p1": {
                "input_basis_ideal_cost_ratio": 0.7109375,
                "input_basis_rank": 126,
                "input_basis_rank_fraction": 0.4921875,
                "output_oracle_ideal_cost_ratio": 0.5698784722222222,
                "output_oracle_rank": 101,
                "output_oracle_rank_fraction": 0.39453125
              },
              "input_effective_rank": 2.8522558212280273
            },
            {
              "error_0p01": {
                "input_basis_ideal_cost_ratio": 1.3993055555555556,
                "input_basis_rank": 248,
                "input_basis_rank_fraction": 0.96875,
                "output_oracle_ideal_cost_ratio": 1.3541666666666667,
                "output_oracle_rank": 240,
                "output_oracle_rank_fraction": 0.9375
              },
              "error_0p05": {
                "input_basis_ideal_cost_ratio": 1.1002604166666667,
                "input_basis_rank": 195,
                "input_basis_rank_fraction": 0.76171875,
                "output_oracle_ideal_cost_ratio": 0.9422743055555556,
                "output_oracle_rank": 167,
                "output_oracle_rank_fraction": 0.65234375
              },
              "error_0p1": {
                "input_basis_ideal_cost_ratio": 0.7786458333333334,
                "input_basis_rank": 138,
                "input_basis_rank_fraction": 0.5390625,
                "output_oracle_ideal_cost_ratio": 0.6206597222222222,
                "output_oracle_rank": 110,
                "output_oracle_rank_fraction": 0.4296875
              },
              "input_effective_rank": 2.4848275184631348
            },
            {
              "error_0p01": {
                "input_basis_ideal_cost_ratio": 1.3485243055555556,
                "input_basis_rank": 239,
                "input_basis_rank_fraction": 0.93359375,
                "output_oracle_ideal_cost_ratio": 1.3090277777777777,
                "output_oracle_rank": 232,
                "output_oracle_rank_fraction": 0.90625
              },
              "error_0p05": {
                "input_basis_ideal_cost_ratio": 1.0381944444444444,
                "input_basis_rank": 184,
                "input_basis_rank_fraction": 0.71875,
                "output_oracle_ideal_cost_ratio": 0.8914930555555556,
                "output_oracle_rank": 158,
                "output_oracle_rank_fraction": 0.6171875
              },
              "error_0p1": {
                "input_basis_ideal_cost_ratio": 0.7278645833333334,
                "input_basis_rank": 129,
                "input_basis_rank_fraction": 0.50390625,
                "output_oracle_ideal_cost_ratio": 0.5811631944444444,
                "output_oracle_rank": 103,
                "output_oracle_rank_fraction": 0.40234375
              },
              "input_effective_rank": 2.5521650314331055
            },
            {
              "error_0p01": {
                "input_basis_ideal_cost_ratio": 1.3993055555555556,
                "input_basis_rank": 248,
                "input_basis_rank_fraction": 0.96875,
                "output_oracle_ideal_cost_ratio": 1.3598090277777777,
                "output_oracle_rank": 241,
                "output_oracle_rank_fraction": 0.94140625
              },
              "error_0p05": {
                "input_basis_ideal_cost_ratio": 1.1059027777777777,
                "input_basis_rank": 196,
                "input_basis_rank_fraction": 0.765625,
                "output_oracle_ideal_cost_ratio": 0.9535590277777778,
                "output_oracle_rank": 169,
                "output_oracle_rank_fraction": 0.66015625
              },
              "error_0p1": {
                "input_basis_ideal_cost_ratio": 0.7899305555555556,
                "input_basis_rank": 140,
                "input_basis_rank_fraction": 0.546875,
                "output_oracle_ideal_cost_ratio": 0.6263020833333334,
                "output_oracle_rank": 111,
                "output_oracle_rank_fraction": 0.43359375
              },
              "input_effective_rank": 2.40678334236145
            },
            {
              "error_0p01": {
                "input_basis_ideal_cost_ratio": 1.3880208333333333,
                "input_basis_rank": 246,
                "input_basis_rank_fraction": 0.9609375,
                "output_oracle_ideal_cost_ratio": 1.3485243055555556,
                "output_oracle_rank": 239,
                "output_oracle_rank_fraction": 0.93359375
              },
              "error_0p05": {
                "input_basis_ideal_cost_ratio": 1.1002604166666667,
                "input_basis_rank": 195,
                "input_basis_rank_fraction": 0.76171875,
                "output_oracle_ideal_cost_ratio": 0.9479166666666667,
                "output_oracle_rank": 168,
                "output_oracle_rank_fraction": 0.65625
              },
              "error_0p1": {
                "input_basis_ideal_cost_ratio": 0.7899305555555556,
                "input_basis_rank": 140,
                "input_basis_rank_fraction": 0.546875,
                "output_oracle_ideal_cost_ratio": 0.6319444444444444,
                "output_oracle_rank": 112,
                "output_oracle_rank_fraction": 0.4375
              },
              "input_effective_rank": 2.4031155109405518
            },
            {
              "error_0p01": {
                "input_basis_ideal_cost_ratio": 1.3598090277777777,
                "input_basis_rank": 241,
                "input_basis_rank_fraction": 0.94140625,
                "output_oracle_ideal_cost_ratio": 1.3203125,
                "output_oracle_rank": 234,
                "output_oracle_rank_fraction": 0.9140625
              },
              "error_0p05": {
                "input_basis_ideal_cost_ratio": 1.06640625,
                "input_basis_rank": 189,
                "input_basis_rank_fraction": 0.73828125,
                "output_oracle_ideal_cost_ratio": 0.9140625,
                "output_oracle_rank": 162,
                "output_oracle_rank_fraction": 0.6328125
              },
              "error_0p1": {
                "input_basis_ideal_cost_ratio": 0.7447916666666666,
                "input_basis_rank": 132,
                "input_basis_rank_fraction": 0.515625,
                "output_oracle_ideal_cost_ratio": 0.5924479166666666,
                "output_oracle_rank": 105,
                "output_oracle_rank_fraction": 0.41015625
              },
              "input_effective_rank": 2.5443241596221924
            },
            {
              "error_0p01": {
                "input_basis_ideal_cost_ratio": 1.3936631944444444,
                "input_basis_rank": 247,
                "input_basis_rank_fraction": 0.96484375,
                "output_oracle_ideal_cost_ratio": 1.3541666666666667,
                "output_oracle_rank": 240,
                "output_oracle_rank_fraction": 0.9375
              },
              "error_0p05": {
                "input_basis_ideal_cost_ratio": 1.0946180555555556,
                "input_basis_rank": 194,
                "input_basis_rank_fraction": 0.7578125,
                "output_oracle_ideal_cost_ratio": 0.9422743055555556,
                "output_oracle_rank": 167,
                "output_oracle_rank_fraction": 0.65234375
              },
              "error_0p1": {
                "input_basis_ideal_cost_ratio": 0.7730034722222222,
                "input_basis_rank": 137,
                "input_basis_rank_fraction": 0.53515625,
                "output_oracle_ideal_cost_ratio": 0.6206597222222222,
                "output_oracle_rank": 110,
                "output_oracle_rank_fraction": 0.4296875
              },
              "input_effective_rank": 2.4230904579162598
            },
            {
              "error_0p01": {
                "input_basis_ideal_cost_ratio": 1.3880208333333333,
                "input_basis_rank": 246,
                "input_basis_rank_fraction": 0.9609375,
                "output_oracle_ideal_cost_ratio": 1.3485243055555556,
                "output_oracle_rank": 239,
                "output_oracle_rank_fraction": 0.93359375
              },
              "error_0p05": {
                "input_basis_ideal_cost_ratio": 1.0833333333333333,
                "input_basis_rank": 192,
                "input_basis_rank_fraction": 0.75,
                "output_oracle_ideal_cost_ratio": 0.9309895833333333,
                "output_oracle_rank": 165,
                "output_oracle_rank_fraction": 0.64453125
              },
              "error_0p1": {
                "input_basis_ideal_cost_ratio": 0.76171875,
                "input_basis_rank": 135,
                "input_basis_rank_fraction": 0.52734375,
                "output_oracle_ideal_cost_ratio": 0.6037326388888888,
                "output_oracle_rank": 107,
                "output_oracle_rank_fraction": 0.41796875
              },
              "input_effective_rank": 2.5842647552490234
            },
            {
              "error_0p01": {
                "input_basis_ideal_cost_ratio": 1.3993055555555556,
                "input_basis_rank": 248,
                "input_basis_rank_fraction": 0.96875,
                "output_oracle_ideal_cost_ratio": 1.3654513888888888,
                "output_oracle_rank": 242,
                "output_oracle_rank_fraction": 0.9453125
              },
              "error_0p05": {
                "input_basis_ideal_cost_ratio": 1.1171875,
                "input_basis_rank": 198,
                "input_basis_rank_fraction": 0.7734375,
                "output_oracle_ideal_cost_ratio": 0.9592013888888888,
                "output_oracle_rank": 170,
                "output_oracle_rank_fraction": 0.6640625
              },
              "error_0p1": {
                "input_basis_ideal_cost_ratio": 0.7955729166666666,
                "input_basis_rank": 141,
                "input_basis_rank_fraction": 0.55078125,
                "output_oracle_ideal_cost_ratio": 0.6375868055555556,
                "output_oracle_rank": 113,
                "output_oracle_rank_fraction": 0.44140625
              },
              "input_effective_rank": 2.8112800121307373
            },
            {
              "error_0p01": {
                "input_basis_ideal_cost_ratio": 1.37109375,
                "input_basis_rank": 243,
                "input_basis_rank_fraction": 0.94921875,
                "output_oracle_ideal_cost_ratio": 1.3146701388888888,
                "output_oracle_rank": 233,
                "output_oracle_rank_fraction": 0.91015625
              },
              "error_0p05": {
                "input_basis_ideal_cost_ratio": 0.9874131944444444,
                "input_basis_rank": 175,
                "input_basis_rank_fraction": 0.68359375,
                "output_oracle_ideal_cost_ratio": 0.8407118055555556,
                "output_oracle_rank": 149,
                "output_oracle_rank_fraction": 0.58203125
              },
              "error_0p1": {
                "input_basis_ideal_cost_ratio": 0.66015625,
                "input_basis_rank": 117,
                "input_basis_rank_fraction": 0.45703125,
                "output_oracle_ideal_cost_ratio": 0.5190972222222222,
                "output_oracle_rank": 92,
                "output_oracle_rank_fraction": 0.359375
              },
              "input_effective_rank": 2.3644185066223145
            },
            {
              "error_0p01": {
                "input_basis_ideal_cost_ratio": 1.3823784722222223,
                "input_basis_rank": 245,
                "input_basis_rank_fraction": 0.95703125,
                "output_oracle_ideal_cost_ratio": 1.3315972222222223,
                "output_oracle_rank": 236,
                "output_oracle_rank_fraction": 0.921875
              },
              "error_0p05": {
                "input_basis_ideal_cost_ratio": 1.0494791666666667,
                "input_basis_rank": 186,
                "input_basis_rank_fraction": 0.7265625,
                "output_oracle_ideal_cost_ratio": 0.8971354166666667,
                "output_oracle_rank": 159,
                "output_oracle_rank_fraction": 0.62109375
              },
              "error_0p1": {
                "input_basis_ideal_cost_ratio": 0.7222222222222222,
                "input_basis_rank": 128,
                "input_basis_rank_fraction": 0.5,
                "output_oracle_ideal_cost_ratio": 0.5811631944444444,
                "output_oracle_rank": 103,
                "output_oracle_rank_fraction": 0.40234375
              },
              "input_effective_rank": 2.6402976512908936
            },
            {
              "error_0p01": {
                "input_basis_ideal_cost_ratio": 1.4049479166666667,
                "input_basis_rank": 249,
                "input_basis_rank_fraction": 0.97265625,
                "output_oracle_ideal_cost_ratio": 1.3654513888888888,
                "output_oracle_rank": 242,
                "output_oracle_rank_fraction": 0.9453125
              },
              "error_0p05": {
                "input_basis_ideal_cost_ratio": 1.1341145833333333,
                "input_basis_rank": 201,
                "input_basis_rank_fraction": 0.78515625,
                "output_oracle_ideal_cost_ratio": 0.9761284722222222,
                "output_oracle_rank": 173,
                "output_oracle_rank_fraction": 0.67578125
              },
              "error_0p1": {
                "input_basis_ideal_cost_ratio": 0.8237847222222222,
                "input_basis_rank": 146,
                "input_basis_rank_fraction": 0.5703125,
                "output_oracle_ideal_cost_ratio": 0.6545138888888888,
                "output_oracle_rank": 116,
                "output_oracle_rank_fraction": 0.453125
              },
              "input_effective_rank": 2.6286418437957764
            },
            {
              "error_0p01": {
                "input_basis_ideal_cost_ratio": 1.3880208333333333,
                "input_basis_rank": 246,
                "input_basis_rank_fraction": 0.9609375,
                "output_oracle_ideal_cost_ratio": 1.3372395833333333,
                "output_oracle_rank": 237,
                "output_oracle_rank_fraction": 0.92578125
              },
              "error_0p05": {
                "input_basis_ideal_cost_ratio": 1.0494791666666667,
                "input_basis_rank": 186,
                "input_basis_rank_fraction": 0.7265625,
                "output_oracle_ideal_cost_ratio": 0.9027777777777778,
                "output_oracle_rank": 160,
                "output_oracle_rank_fraction": 0.625
              },
              "error_0p1": {
                "input_basis_ideal_cost_ratio": 0.7278645833333334,
                "input_basis_rank": 129,
                "input_basis_rank_fraction": 0.50390625,
                "output_oracle_ideal_cost_ratio": 0.5868055555555556,
                "output_oracle_rank": 104,
                "output_oracle_rank_fraction": 0.40625
              },
              "input_effective_rank": 2.561661958694458
            },
            {
              "error_0p01": {
                "input_basis_ideal_cost_ratio": 1.3880208333333333,
                "input_basis_rank": 246,
                "input_basis_rank_fraction": 0.9609375,
                "output_oracle_ideal_cost_ratio": 1.3372395833333333,
                "output_oracle_rank": 237,
                "output_oracle_rank_fraction": 0.92578125
              },
              "error_0p05": {
                "input_basis_ideal_cost_ratio": 1.0551215277777777,
                "input_basis_rank": 187,
                "input_basis_rank_fraction": 0.73046875,
                "output_oracle_ideal_cost_ratio": 0.9027777777777778,
                "output_oracle_rank": 160,
                "output_oracle_rank_fraction": 0.625
              },
              "error_0p1": {
                "input_basis_ideal_cost_ratio": 0.7335069444444444,
                "input_basis_rank": 130,
                "input_basis_rank_fraction": 0.5078125,
                "output_oracle_ideal_cost_ratio": 0.5868055555555556,
                "output_oracle_rank": 104,
                "output_oracle_rank_fraction": 0.40625
              },
              "input_effective_rank": 2.4448258876800537
            },
            {
              "error_0p01": {
                "input_basis_ideal_cost_ratio": 1.4049479166666667,
                "input_basis_rank": 249,
                "input_basis_rank_fraction": 0.97265625,
                "output_oracle_ideal_cost_ratio": 1.3598090277777777,
                "output_oracle_rank": 241,
                "output_oracle_rank_fraction": 0.94140625
              },
              "error_0p05": {
                "input_basis_ideal_cost_ratio": 1.1059027777777777,
                "input_basis_rank": 196,
                "input_basis_rank_fraction": 0.765625,
                "output_oracle_ideal_cost_ratio": 0.9535590277777778,
                "output_oracle_rank": 169,
                "output_oracle_rank_fraction": 0.66015625
              },
              "error_0p1": {
                "input_basis_ideal_cost_ratio": 0.7842881944444444,
                "input_basis_rank": 139,
                "input_basis_rank_fraction": 0.54296875,
                "output_oracle_ideal_cost_ratio": 0.6263020833333334,
                "output_oracle_rank": 111,
                "output_oracle_rank_fraction": 0.43359375
              },
              "input_effective_rank": 2.428095579147339
            },
            {
              "error_0p01": {
                "input_basis_ideal_cost_ratio": 1.3767361111111112,
                "input_basis_rank": 244,
                "input_basis_rank_fraction": 0.953125,
                "output_oracle_ideal_cost_ratio": 1.3203125,
                "output_oracle_rank": 234,
                "output_oracle_rank_fraction": 0.9140625
              },
              "error_0p05": {
                "input_basis_ideal_cost_ratio": 1.015625,
                "input_basis_rank": 180,
                "input_basis_rank_fraction": 0.703125,
                "output_oracle_ideal_cost_ratio": 0.8689236111111112,
                "output_oracle_rank": 154,
                "output_oracle_rank_fraction": 0.6015625
              },
              "error_0p1": {
                "input_basis_ideal_cost_ratio": 0.6940104166666666,
                "input_basis_rank": 123,
                "input_basis_rank_fraction": 0.48046875,
                "output_oracle_ideal_cost_ratio": 0.55859375,
                "output_oracle_rank": 99,
                "output_oracle_rank_fraction": 0.38671875
              },
              "input_effective_rank": 2.5907208919525146
            }
          ],
          "summary": {
            "all_cell_gates_pass": false,
            "error_0p01": {
              "input_basis_ideal_cost_ratio": {
                "max": 1.4049479166666667,
                "median": 1.3880208333333333,
                "min": 1.3485243055555556,
                "p90": 1.4021267361111112
              },
              "input_basis_rank_fraction": {
                "max": 0.97265625,
                "median": 0.9609375,
                "min": 0.93359375,
                "p90": 0.970703125
              },
              "output_oracle_ideal_cost_ratio": {
                "max": 1.3654513888888888,
                "median": 1.3372395833333333,
                "min": 1.3090277777777777,
                "p90": 1.3626302083333333
              },
              "output_oracle_rank_fraction": {
                "max": 0.9453125,
                "median": 0.92578125,
                "min": 0.90625,
                "p90": 0.943359375
              }
            },
            "error_0p05": {
              "input_basis_ideal_cost_ratio": {
                "max": 1.1341145833333333,
                "median": 1.06640625,
                "min": 0.9874131944444444,
                "p90": 1.1115451388888888
              },
              "input_basis_rank_fraction": {
                "max": 0.78515625,
                "median": 0.73828125,
                "min": 0.68359375,
                "p90": 0.76953125
              },
              "output_oracle_ideal_cost_ratio": {
                "max": 0.9761284722222222,
                "median": 0.9140625,
                "min": 0.8407118055555556,
                "p90": 0.9563802083333333
              },
              "output_oracle_rank_fraction": {
                "max": 0.67578125,
                "median": 0.6328125,
                "min": 0.58203125,
                "p90": 0.662109375
              }
            },
            "error_0p1": {
              "input_basis_ideal_cost_ratio": {
                "max": 0.8237847222222222,
                "median": 0.7447916666666666,
                "min": 0.66015625,
                "p90": 0.7927517361111112
              },
              "input_basis_rank_fraction": {
                "max": 0.5703125,
                "median": 0.515625,
                "min": 0.45703125,
                "p90": 0.548828125
              },
              "output_oracle_ideal_cost_ratio": {
                "max": 0.6545138888888888,
                "median": 0.5924479166666666,
                "min": 0.5190972222222222,
                "p90": 0.634765625
              },
              "output_oracle_rank_fraction": {
                "max": 0.453125,
                "median": 0.41015625,
                "min": 0.359375,
                "p90": 0.439453125
              }
            },
            "gates": {
              "input_basis_median_cost_at_most_0p5": false,
              "input_basis_p90_cost_at_most_0p5": false,
              "oracle_median_cost_at_most_0p5": false,
              "oracle_p90_cost_at_most_0p5": false
            },
            "input_effective_rank": {
              "max": 2.8522558212280273,
              "median": 2.5443241596221924,
              "min": 2.3644185066223145,
              "p90": 2.7257888317108154
            }
          }
        },
        {
          "depth_fraction": 0.26666666666666666,
          "kind": "ffn_up",
          "layer": 7,
          "sequence_count": 16,
          "sequences": [
            {
              "error_0p01": {
                "input_basis_ideal_cost_ratio": 1.3880208333333333,
                "input_basis_rank": 246,
                "input_basis_rank_fraction": 0.9609375,
                "output_oracle_ideal_cost_ratio": 1.3823784722222223,
                "output_oracle_rank": 245,
                "output_oracle_rank_fraction": 0.95703125
              },
              "error_0p05": {
                "input_basis_ideal_cost_ratio": 1.1228298611111112,
                "input_basis_rank": 199,
                "input_basis_rank_fraction": 0.77734375,
                "output_oracle_ideal_cost_ratio": 1.1002604166666667,
                "output_oracle_rank": 195,
                "output_oracle_rank_fraction": 0.76171875
              },
              "error_0p1": {
                "input_basis_ideal_cost_ratio": 0.9084201388888888,
                "input_basis_rank": 161,
                "input_basis_rank_fraction": 0.62890625,
                "output_oracle_ideal_cost_ratio": 0.8802083333333333,
                "output_oracle_rank": 156,
                "output_oracle_rank_fraction": 0.609375
              },
              "input_effective_rank": 17.69567108154297
            },
            {
              "error_0p01": {
                "input_basis_ideal_cost_ratio": 1.4049479166666667,
                "input_basis_rank": 249,
                "input_basis_rank_fraction": 0.97265625,
                "output_oracle_ideal_cost_ratio": 1.3993055555555556,
                "output_oracle_rank": 248,
                "output_oracle_rank_fraction": 0.96875
              },
              "error_0p05": {
                "input_basis_ideal_cost_ratio": 1.1848958333333333,
                "input_basis_rank": 210,
                "input_basis_rank_fraction": 0.8203125,
                "output_oracle_ideal_cost_ratio": 1.1623263888888888,
                "output_oracle_rank": 206,
                "output_oracle_rank_fraction": 0.8046875
              },
              "error_0p1": {
                "input_basis_ideal_cost_ratio": 0.9817708333333333,
                "input_basis_rank": 174,
                "input_basis_rank_fraction": 0.6796875,
                "output_oracle_ideal_cost_ratio": 0.9535590277777778,
                "output_oracle_rank": 169,
                "output_oracle_rank_fraction": 0.66015625
              },
              "input_effective_rank": 19.03567123413086
            },
            {
              "error_0p01": {
                "input_basis_ideal_cost_ratio": 1.3767361111111112,
                "input_basis_rank": 244,
                "input_basis_rank_fraction": 0.953125,
                "output_oracle_ideal_cost_ratio": 1.3654513888888888,
                "output_oracle_rank": 242,
                "output_oracle_rank_fraction": 0.9453125
              },
              "error_0p05": {
                "input_basis_ideal_cost_ratio": 1.1284722222222223,
                "input_basis_rank": 200,
                "input_basis_rank_fraction": 0.78125,
                "output_oracle_ideal_cost_ratio": 1.1059027777777777,
                "output_oracle_rank": 196,
                "output_oracle_rank_fraction": 0.765625
              },
              "error_0p1": {
                "input_basis_ideal_cost_ratio": 0.9084201388888888,
                "input_basis_rank": 161,
                "input_basis_rank_fraction": 0.62890625,
                "output_oracle_ideal_cost_ratio": 0.8858506944444444,
                "output_oracle_rank": 157,
                "output_oracle_rank_fraction": 0.61328125
              },
              "input_effective_rank": 19.34577178955078
            },
            {
              "error_0p01": {
                "input_basis_ideal_cost_ratio": 1.3936631944444444,
                "input_basis_rank": 247,
                "input_basis_rank_fraction": 0.96484375,
                "output_oracle_ideal_cost_ratio": 1.3880208333333333,
                "output_oracle_rank": 246,
                "output_oracle_rank_fraction": 0.9609375
              },
              "error_0p05": {
                "input_basis_ideal_cost_ratio": 1.2074652777777777,
                "input_basis_rank": 214,
                "input_basis_rank_fraction": 0.8359375,
                "output_oracle_ideal_cost_ratio": 1.1848958333333333,
                "output_oracle_rank": 210,
                "output_oracle_rank_fraction": 0.8203125
              },
              "error_0p1": {
                "input_basis_ideal_cost_ratio": 1.0269097222222223,
                "input_basis_rank": 182,
                "input_basis_rank_fraction": 0.7109375,
                "output_oracle_ideal_cost_ratio": 0.9986979166666667,
                "output_oracle_rank": 177,
                "output_oracle_rank_fraction": 0.69140625
              },
              "input_effective_rank": 19.73733139038086
            },
            {
              "error_0p01": {
                "input_basis_ideal_cost_ratio": 1.3767361111111112,
                "input_basis_rank": 244,
                "input_basis_rank_fraction": 0.953125,
                "output_oracle_ideal_cost_ratio": 1.3767361111111112,
                "output_oracle_rank": 244,
                "output_oracle_rank_fraction": 0.953125
              },
              "error_0p05": {
                "input_basis_ideal_cost_ratio": 1.2018229166666667,
                "input_basis_rank": 213,
                "input_basis_rank_fraction": 0.83203125,
                "output_oracle_ideal_cost_ratio": 1.1792534722222223,
                "output_oracle_rank": 209,
                "output_oracle_rank_fraction": 0.81640625
              },
              "error_0p1": {
                "input_basis_ideal_cost_ratio": 1.0212673611111112,
                "input_basis_rank": 181,
                "input_basis_rank_fraction": 0.70703125,
                "output_oracle_ideal_cost_ratio": 0.9930555555555556,
                "output_oracle_rank": 176,
                "output_oracle_rank_fraction": 0.6875
              },
              "input_effective_rank": 22.891677856445312
            },
            {
              "error_0p01": {
                "input_basis_ideal_cost_ratio": 1.3823784722222223,
                "input_basis_rank": 245,
                "input_basis_rank_fraction": 0.95703125,
                "output_oracle_ideal_cost_ratio": 1.3767361111111112,
                "output_oracle_rank": 244,
                "output_oracle_rank_fraction": 0.953125
              },
              "error_0p05": {
                "input_basis_ideal_cost_ratio": 1.1792534722222223,
                "input_basis_rank": 209,
                "input_basis_rank_fraction": 0.81640625,
                "output_oracle_ideal_cost_ratio": 1.1623263888888888,
                "output_oracle_rank": 206,
                "output_oracle_rank_fraction": 0.8046875
              },
              "error_0p1": {
                "input_basis_ideal_cost_ratio": 0.9986979166666667,
                "input_basis_rank": 177,
                "input_basis_rank_fraction": 0.69140625,
                "output_oracle_ideal_cost_ratio": 0.9761284722222222,
                "output_oracle_rank": 173,
                "output_oracle_rank_fraction": 0.67578125
              },
              "input_effective_rank": 20.572919845581055
            },
            {
              "error_0p01": {
                "input_basis_ideal_cost_ratio": 1.4105902777777777,
                "input_basis_rank": 250,
                "input_basis_rank_fraction": 0.9765625,
                "output_oracle_ideal_cost_ratio": 1.4049479166666667,
                "output_oracle_rank": 249,
                "output_oracle_rank_fraction": 0.97265625
              },
              "error_0p05": {
                "input_basis_ideal_cost_ratio": 1.21875,
                "input_basis_rank": 216,
                "input_basis_rank_fraction": 0.84375,
                "output_oracle_ideal_cost_ratio": 1.1961805555555556,
                "output_oracle_rank": 212,
                "output_oracle_rank_fraction": 0.828125
              },
              "error_0p1": {
                "input_basis_ideal_cost_ratio": 1.015625,
                "input_basis_rank": 180,
                "input_basis_rank_fraction": 0.703125,
                "output_oracle_ideal_cost_ratio": 0.9874131944444444,
                "output_oracle_rank": 175,
                "output_oracle_rank_fraction": 0.68359375
              },
              "input_effective_rank": 20.97146224975586
            },
            {
              "error_0p01": {
                "input_basis_ideal_cost_ratio": 1.3936631944444444,
                "input_basis_rank": 247,
                "input_basis_rank_fraction": 0.96484375,
                "output_oracle_ideal_cost_ratio": 1.3823784722222223,
                "output_oracle_rank": 245,
                "output_oracle_rank_fraction": 0.95703125
              },
              "error_0p05": {
                "input_basis_ideal_cost_ratio": 1.1566840277777777,
                "input_basis_rank": 205,
                "input_basis_rank_fraction": 0.80078125,
                "output_oracle_ideal_cost_ratio": 1.1341145833333333,
                "output_oracle_rank": 201,
                "output_oracle_rank_fraction": 0.78515625
              },
              "error_0p1": {
                "input_basis_ideal_cost_ratio": 0.9479166666666667,
                "input_basis_rank": 168,
                "input_basis_rank_fraction": 0.65625,
                "output_oracle_ideal_cost_ratio": 0.9253472222222222,
                "output_oracle_rank": 164,
                "output_oracle_rank_fraction": 0.640625
              },
              "input_effective_rank": 21.197214126586914
            },
            {
              "error_0p01": {
                "input_basis_ideal_cost_ratio": 1.3936631944444444,
                "input_basis_rank": 247,
                "input_basis_rank_fraction": 0.96484375,
                "output_oracle_ideal_cost_ratio": 1.3936631944444444,
                "output_oracle_rank": 247,
                "output_oracle_rank_fraction": 0.96484375
              },
              "error_0p05": {
                "input_basis_ideal_cost_ratio": 1.2131076388888888,
                "input_basis_rank": 215,
                "input_basis_rank_fraction": 0.83984375,
                "output_oracle_ideal_cost_ratio": 1.1905381944444444,
                "output_oracle_rank": 211,
                "output_oracle_rank_fraction": 0.82421875
              },
              "error_0p1": {
                "input_basis_ideal_cost_ratio": 1.0269097222222223,
                "input_basis_rank": 182,
                "input_basis_rank_fraction": 0.7109375,
                "output_oracle_ideal_cost_ratio": 0.9986979166666667,
                "output_oracle_rank": 177,
                "output_oracle_rank_fraction": 0.69140625
              },
              "input_effective_rank": 22.38724136352539
            },
            {
              "error_0p01": {
                "input_basis_ideal_cost_ratio": 1.3654513888888888,
                "input_basis_rank": 242,
                "input_basis_rank_fraction": 0.9453125,
                "output_oracle_ideal_cost_ratio": 1.3598090277777777,
                "output_oracle_rank": 241,
                "output_oracle_rank_fraction": 0.94140625
              },
              "error_0p05": {
                "input_basis_ideal_cost_ratio": 1.06640625,
                "input_basis_rank": 189,
                "input_basis_rank_fraction": 0.73828125,
                "output_oracle_ideal_cost_ratio": 1.0438368055555556,
                "output_oracle_rank": 185,
                "output_oracle_rank_fraction": 0.72265625
              },
              "error_0p1": {
                "input_basis_ideal_cost_ratio": 0.8350694444444444,
                "input_basis_rank": 148,
                "input_basis_rank_fraction": 0.578125,
                "output_oracle_ideal_cost_ratio": 0.8125,
                "output_oracle_rank": 144,
                "output_oracle_rank_fraction": 0.5625
              },
              "input_effective_rank": 14.456448554992676
            },
            {
              "error_0p01": {
                "input_basis_ideal_cost_ratio": 1.3880208333333333,
                "input_basis_rank": 246,
                "input_basis_rank_fraction": 0.9609375,
                "output_oracle_ideal_cost_ratio": 1.3823784722222223,
                "output_oracle_rank": 245,
                "output_oracle_rank_fraction": 0.95703125
              },
              "error_0p05": {
                "input_basis_ideal_cost_ratio": 1.1736111111111112,
                "input_basis_rank": 208,
                "input_basis_rank_fraction": 0.8125,
                "output_oracle_ideal_cost_ratio": 1.1510416666666667,
                "output_oracle_rank": 204,
                "output_oracle_rank_fraction": 0.796875
              },
              "error_0p1": {
                "input_basis_ideal_cost_ratio": 0.9704861111111112,
                "input_basis_rank": 172,
                "input_basis_rank_fraction": 0.671875,
                "output_oracle_ideal_cost_ratio": 0.9422743055555556,
                "output_oracle_rank": 167,
                "output_oracle_rank_fraction": 0.65234375
              },
              "input_effective_rank": 19.174264907836914
            },
            {
              "error_0p01": {
                "input_basis_ideal_cost_ratio": 1.3993055555555556,
                "input_basis_rank": 248,
                "input_basis_rank_fraction": 0.96875,
                "output_oracle_ideal_cost_ratio": 1.3993055555555556,
                "output_oracle_rank": 248,
                "output_oracle_rank_fraction": 0.96875
              },
              "error_0p05": {
                "input_basis_ideal_cost_ratio": 1.2300347222222223,
                "input_basis_rank": 218,
                "input_basis_rank_fraction": 0.8515625,
                "output_oracle_ideal_cost_ratio": 1.2131076388888888,
                "output_oracle_rank": 215,
                "output_oracle_rank_fraction": 0.83984375
              },
              "error_0p1": {
                "input_basis_ideal_cost_ratio": 1.0381944444444444,
                "input_basis_rank": 184,
                "input_basis_rank_fraction": 0.71875,
                "output_oracle_ideal_cost_ratio": 1.0099826388888888,
                "output_oracle_rank": 179,
                "output_oracle_rank_fraction": 0.69921875
              },
              "input_effective_rank": 20.32529640197754
            },
            {
              "error_0p01": {
                "input_basis_ideal_cost_ratio": 1.3993055555555556,
                "input_basis_rank": 248,
                "input_basis_rank_fraction": 0.96875,
                "output_oracle_ideal_cost_ratio": 1.3936631944444444,
                "output_oracle_rank": 247,
                "output_oracle_rank_fraction": 0.96484375
              },
              "error_0p05": {
                "input_basis_ideal_cost_ratio": 1.16796875,
                "input_basis_rank": 207,
                "input_basis_rank_fraction": 0.80859375,
                "output_oracle_ideal_cost_ratio": 1.1453993055555556,
                "output_oracle_rank": 203,
                "output_oracle_rank_fraction": 0.79296875
              },
              "error_0p1": {
                "input_basis_ideal_cost_ratio": 0.9366319444444444,
                "input_basis_rank": 166,
                "input_basis_rank_fraction": 0.6484375,
                "output_oracle_ideal_cost_ratio": 0.9084201388888888,
                "output_oracle_rank": 161,
                "output_oracle_rank_fraction": 0.62890625
              },
              "input_effective_rank": 18.442790985107422
            },
            {
              "error_0p01": {
                "input_basis_ideal_cost_ratio": 1.3880208333333333,
                "input_basis_rank": 246,
                "input_basis_rank_fraction": 0.9609375,
                "output_oracle_ideal_cost_ratio": 1.3823784722222223,
                "output_oracle_rank": 245,
                "output_oracle_rank_fraction": 0.95703125
              },
              "error_0p05": {
                "input_basis_ideal_cost_ratio": 1.1397569444444444,
                "input_basis_rank": 202,
                "input_basis_rank_fraction": 0.7890625,
                "output_oracle_ideal_cost_ratio": 1.1115451388888888,
                "output_oracle_rank": 197,
                "output_oracle_rank_fraction": 0.76953125
              },
              "error_0p1": {
                "input_basis_ideal_cost_ratio": 0.9140625,
                "input_basis_rank": 162,
                "input_basis_rank_fraction": 0.6328125,
                "output_oracle_ideal_cost_ratio": 0.8914930555555556,
                "output_oracle_rank": 158,
                "output_oracle_rank_fraction": 0.6171875
              },
              "input_effective_rank": 18.46764373779297
            },
            {
              "error_0p01": {
                "input_basis_ideal_cost_ratio": 1.3993055555555556,
                "input_basis_rank": 248,
                "input_basis_rank_fraction": 0.96875,
                "output_oracle_ideal_cost_ratio": 1.3936631944444444,
                "output_oracle_rank": 247,
                "output_oracle_rank_fraction": 0.96484375
              },
              "error_0p05": {
                "input_basis_ideal_cost_ratio": 1.1848958333333333,
                "input_basis_rank": 210,
                "input_basis_rank_fraction": 0.8203125,
                "output_oracle_ideal_cost_ratio": 1.1566840277777777,
                "output_oracle_rank": 205,
                "output_oracle_rank_fraction": 0.80078125
              },
              "error_0p1": {
                "input_basis_ideal_cost_ratio": 0.9704861111111112,
                "input_basis_rank": 172,
                "input_basis_rank_fraction": 0.671875,
                "output_oracle_ideal_cost_ratio": 0.9422743055555556,
                "output_oracle_rank": 167,
                "output_oracle_rank_fraction": 0.65234375
              },
              "input_effective_rank": 16.13551902770996
            },
            {
              "error_0p01": {
                "input_basis_ideal_cost_ratio": 1.3598090277777777,
                "input_basis_rank": 241,
                "input_basis_rank_fraction": 0.94140625,
                "output_oracle_ideal_cost_ratio": 1.3485243055555556,
                "output_oracle_rank": 239,
                "output_oracle_rank_fraction": 0.93359375
              },
              "error_0p05": {
                "input_basis_ideal_cost_ratio": 1.0946180555555556,
                "input_basis_rank": 194,
                "input_basis_rank_fraction": 0.7578125,
                "output_oracle_ideal_cost_ratio": 1.0720486111111112,
                "output_oracle_rank": 190,
                "output_oracle_rank_fraction": 0.7421875
              },
              "error_0p1": {
                "input_basis_ideal_cost_ratio": 0.86328125,
                "input_basis_rank": 153,
                "input_basis_rank_fraction": 0.59765625,
                "output_oracle_ideal_cost_ratio": 0.8407118055555556,
                "output_oracle_rank": 149,
                "output_oracle_rank_fraction": 0.58203125
              },
              "input_effective_rank": 16.610668182373047
            }
          ],
          "summary": {
            "all_cell_gates_pass": false,
            "error_0p01": {
              "input_basis_ideal_cost_ratio": {
                "max": 1.4105902777777777,
                "median": 1.3880208333333333,
                "min": 1.3598090277777777,
                "p90": 1.4021267361111112
              },
              "input_basis_rank_fraction": {
                "max": 0.9765625,
                "median": 0.9609375,
                "min": 0.94140625,
                "p90": 0.970703125
              },
              "output_oracle_ideal_cost_ratio": {
                "max": 1.4049479166666667,
                "median": 1.3823784722222223,
                "min": 1.3485243055555556,
                "p90": 1.3993055555555556
              },
              "output_oracle_rank_fraction": {
                "max": 0.97265625,
                "median": 0.95703125,
                "min": 0.93359375,
                "p90": 0.96875
              }
            },
            "error_0p05": {
              "input_basis_ideal_cost_ratio": {
                "max": 1.2300347222222223,
                "median": 1.1736111111111112,
                "min": 1.06640625,
                "p90": 1.2159288194444444
              },
              "input_basis_rank_fraction": {
                "max": 0.8515625,
                "median": 0.8125,
                "min": 0.73828125,
                "p90": 0.841796875
              },
              "output_oracle_ideal_cost_ratio": {
                "max": 1.2131076388888888,
                "median": 1.1510416666666667,
                "min": 1.0438368055555556,
                "p90": 1.193359375
              },
              "output_oracle_rank_fraction": {
                "max": 0.83984375,
                "median": 0.796875,
                "min": 0.72265625,
                "p90": 0.826171875
              }
            },
            "error_0p1": {
              "input_basis_ideal_cost_ratio": {
                "max": 1.0381944444444444,
                "median": 0.9704861111111112,
                "min": 0.8350694444444444,
                "p90": 1.0269097222222223
              },
              "input_basis_rank_fraction": {
                "max": 0.71875,
                "median": 0.671875,
                "min": 0.578125,
                "p90": 0.7109375
              },
              "output_oracle_ideal_cost_ratio": {
                "max": 1.0099826388888888,
                "median": 0.9422743055555556,
                "min": 0.8125,
                "p90": 0.9986979166666667
              },
              "output_oracle_rank_fraction": {
                "max": 0.69921875,
                "median": 0.65234375,
                "min": 0.5625,
                "p90": 0.69140625
              }
            },
            "gates": {
              "input_basis_median_cost_at_most_0p5": false,
              "input_basis_p90_cost_at_most_0p5": false,
              "oracle_median_cost_at_most_0p5": false,
              "oracle_p90_cost_at_most_0p5": false
            },
            "input_effective_rank": {
              "max": 22.891677856445312,
              "median": 19.174264907836914,
              "min": 14.456448554992676,
              "p90": 21.792227745056152
            }
          }
        },
        {
          "depth_fraction": 0.5,
          "kind": "ffn_up",
          "layer": 14,
          "sequence_count": 16,
          "sequences": [
            {
              "error_0p01": {
                "input_basis_ideal_cost_ratio": 1.3936631944444444,
                "input_basis_rank": 247,
                "input_basis_rank_fraction": 0.96484375,
                "output_oracle_ideal_cost_ratio": 1.3823784722222223,
                "output_oracle_rank": 245,
                "output_oracle_rank_fraction": 0.95703125
              },
              "error_0p05": {
                "input_basis_ideal_cost_ratio": 1.1510416666666667,
                "input_basis_rank": 204,
                "input_basis_rank_fraction": 0.796875,
                "output_oracle_ideal_cost_ratio": 1.1171875,
                "output_oracle_rank": 198,
                "output_oracle_rank_fraction": 0.7734375
              },
              "error_0p1": {
                "input_basis_ideal_cost_ratio": 0.8971354166666667,
                "input_basis_rank": 159,
                "input_basis_rank_fraction": 0.62109375,
                "output_oracle_ideal_cost_ratio": 0.8576388888888888,
                "output_oracle_rank": 152,
                "output_oracle_rank_fraction": 0.59375
              },
              "input_effective_rank": 7.077983856201172
            },
            {
              "error_0p01": {
                "input_basis_ideal_cost_ratio": 1.4105902777777777,
                "input_basis_rank": 250,
                "input_basis_rank_fraction": 0.9765625,
                "output_oracle_ideal_cost_ratio": 1.4049479166666667,
                "output_oracle_rank": 249,
                "output_oracle_rank_fraction": 0.97265625
              },
              "error_0p05": {
                "input_basis_ideal_cost_ratio": 1.2300347222222223,
                "input_basis_rank": 218,
                "input_basis_rank_fraction": 0.8515625,
                "output_oracle_ideal_cost_ratio": 1.2018229166666667,
                "output_oracle_rank": 213,
                "output_oracle_rank_fraction": 0.83203125
              },
              "error_0p1": {
                "input_basis_ideal_cost_ratio": 1.0043402777777777,
                "input_basis_rank": 178,
                "input_basis_rank_fraction": 0.6953125,
                "output_oracle_ideal_cost_ratio": 0.96484375,
                "output_oracle_rank": 171,
                "output_oracle_rank_fraction": 0.66796875
              },
              "input_effective_rank": 6.704249858856201
            },
            {
              "error_0p01": {
                "input_basis_ideal_cost_ratio": 1.37109375,
                "input_basis_rank": 243,
                "input_basis_rank_fraction": 0.94921875,
                "output_oracle_ideal_cost_ratio": 1.3598090277777777,
                "output_oracle_rank": 241,
                "output_oracle_rank_fraction": 0.94140625
              },
              "error_0p05": {
                "input_basis_ideal_cost_ratio": 1.1623263888888888,
                "input_basis_rank": 206,
                "input_basis_rank_fraction": 0.8046875,
                "output_oracle_ideal_cost_ratio": 1.1341145833333333,
                "output_oracle_rank": 201,
                "output_oracle_rank_fraction": 0.78515625
              },
              "error_0p1": {
                "input_basis_ideal_cost_ratio": 0.9366319444444444,
                "input_basis_rank": 166,
                "input_basis_rank_fraction": 0.6484375,
                "output_oracle_ideal_cost_ratio": 0.8971354166666667,
                "output_oracle_rank": 159,
                "output_oracle_rank_fraction": 0.62109375
              },
              "input_effective_rank": 7.089153289794922
            },
            {
              "error_0p01": {
                "input_basis_ideal_cost_ratio": 1.4162326388888888,
                "input_basis_rank": 251,
                "input_basis_rank_fraction": 0.98046875,
                "output_oracle_ideal_cost_ratio": 1.4105902777777777,
                "output_oracle_rank": 250,
                "output_oracle_rank_fraction": 0.9765625
              },
              "error_0p05": {
                "input_basis_ideal_cost_ratio": 1.2469618055555556,
                "input_basis_rank": 221,
                "input_basis_rank_fraction": 0.86328125,
                "output_oracle_ideal_cost_ratio": 1.21875,
                "output_oracle_rank": 216,
                "output_oracle_rank_fraction": 0.84375
              },
              "error_0p1": {
                "input_basis_ideal_cost_ratio": 1.0269097222222223,
                "input_basis_rank": 182,
                "input_basis_rank_fraction": 0.7109375,
                "output_oracle_ideal_cost_ratio": 0.9817708333333333,
                "output_oracle_rank": 174,
                "output_oracle_rank_fraction": 0.6796875
              },
              "input_effective_rank": 6.793541431427002
            },
            {
              "error_0p01": {
                "input_basis_ideal_cost_ratio": 1.4105902777777777,
                "input_basis_rank": 250,
                "input_basis_rank_fraction": 0.9765625,
                "output_oracle_ideal_cost_ratio": 1.4049479166666667,
                "output_oracle_rank": 249,
                "output_oracle_rank_fraction": 0.97265625
              },
              "error_0p05": {
                "input_basis_ideal_cost_ratio": 1.2300347222222223,
                "input_basis_rank": 218,
                "input_basis_rank_fraction": 0.8515625,
                "output_oracle_ideal_cost_ratio": 1.2018229166666667,
                "output_oracle_rank": 213,
                "output_oracle_rank_fraction": 0.83203125
              },
              "error_0p1": {
                "input_basis_ideal_cost_ratio": 1.015625,
                "input_basis_rank": 180,
                "input_basis_rank_fraction": 0.703125,
                "output_oracle_ideal_cost_ratio": 0.9704861111111112,
                "output_oracle_rank": 172,
                "output_oracle_rank_fraction": 0.671875
              },
              "input_effective_rank": 6.962555885314941
            },
            {
              "error_0p01": {
                "input_basis_ideal_cost_ratio": 1.3823784722222223,
                "input_basis_rank": 245,
                "input_basis_rank_fraction": 0.95703125,
                "output_oracle_ideal_cost_ratio": 1.3767361111111112,
                "output_oracle_rank": 244,
                "output_oracle_rank_fraction": 0.953125
              },
              "error_0p05": {
                "input_basis_ideal_cost_ratio": 1.1961805555555556,
                "input_basis_rank": 212,
                "input_basis_rank_fraction": 0.828125,
                "output_oracle_ideal_cost_ratio": 1.16796875,
                "output_oracle_rank": 207,
                "output_oracle_rank_fraction": 0.80859375
              },
              "error_0p1": {
                "input_basis_ideal_cost_ratio": 0.9761284722222222,
                "input_basis_rank": 173,
                "input_basis_rank_fraction": 0.67578125,
                "output_oracle_ideal_cost_ratio": 0.9309895833333333,
                "output_oracle_rank": 165,
                "output_oracle_rank_fraction": 0.64453125
              },
              "input_effective_rank": 7.3139777183532715
            },
            {
              "error_0p01": {
                "input_basis_ideal_cost_ratio": 1.4162326388888888,
                "input_basis_rank": 251,
                "input_basis_rank_fraction": 0.98046875,
                "output_oracle_ideal_cost_ratio": 1.4049479166666667,
                "output_oracle_rank": 249,
                "output_oracle_rank_fraction": 0.97265625
              },
              "error_0p05": {
                "input_basis_ideal_cost_ratio": 1.21875,
                "input_basis_rank": 216,
                "input_basis_rank_fraction": 0.84375,
                "output_oracle_ideal_cost_ratio": 1.1961805555555556,
                "output_oracle_rank": 212,
                "output_oracle_rank_fraction": 0.828125
              },
              "error_0p1": {
                "input_basis_ideal_cost_ratio": 0.9874131944444444,
                "input_basis_rank": 175,
                "input_basis_rank_fraction": 0.68359375,
                "output_oracle_ideal_cost_ratio": 0.9479166666666667,
                "output_oracle_rank": 168,
                "output_oracle_rank_fraction": 0.65625
              },
              "input_effective_rank": 6.741650104522705
            },
            {
              "error_0p01": {
                "input_basis_ideal_cost_ratio": 1.3993055555555556,
                "input_basis_rank": 248,
                "input_basis_rank_fraction": 0.96875,
                "output_oracle_ideal_cost_ratio": 1.3936631944444444,
                "output_oracle_rank": 247,
                "output_oracle_rank_fraction": 0.96484375
              },
              "error_0p05": {
                "input_basis_ideal_cost_ratio": 1.1905381944444444,
                "input_basis_rank": 211,
                "input_basis_rank_fraction": 0.82421875,
                "output_oracle_ideal_cost_ratio": 1.1623263888888888,
                "output_oracle_rank": 206,
                "output_oracle_rank_fraction": 0.8046875
              },
              "error_0p1": {
                "input_basis_ideal_cost_ratio": 0.96484375,
                "input_basis_rank": 171,
                "input_basis_rank_fraction": 0.66796875,
                "output_oracle_ideal_cost_ratio": 0.9253472222222222,
                "output_oracle_rank": 164,
                "output_oracle_rank_fraction": 0.640625
              },
              "input_effective_rank": 6.908057689666748
            },
            {
              "error_0p01": {
                "input_basis_ideal_cost_ratio": 1.4105902777777777,
                "input_basis_rank": 250,
                "input_basis_rank_fraction": 0.9765625,
                "output_oracle_ideal_cost_ratio": 1.4049479166666667,
                "output_oracle_rank": 249,
                "output_oracle_rank_fraction": 0.97265625
              },
              "error_0p05": {
                "input_basis_ideal_cost_ratio": 1.2300347222222223,
                "input_basis_rank": 218,
                "input_basis_rank_fraction": 0.8515625,
                "output_oracle_ideal_cost_ratio": 1.2018229166666667,
                "output_oracle_rank": 213,
                "output_oracle_rank_fraction": 0.83203125
              },
              "error_0p1": {
                "input_basis_ideal_cost_ratio": 1.0043402777777777,
                "input_basis_rank": 178,
                "input_basis_rank_fraction": 0.6953125,
                "output_oracle_ideal_cost_ratio": 0.96484375,
                "output_oracle_rank": 171,
                "output_oracle_rank_fraction": 0.66796875
              },
              "input_effective_rank": 7.811305046081543
            },
            {
              "error_0p01": {
                "input_basis_ideal_cost_ratio": 1.3936631944444444,
                "input_basis_rank": 247,
                "input_basis_rank_fraction": 0.96484375,
                "output_oracle_ideal_cost_ratio": 1.3880208333333333,
                "output_oracle_rank": 246,
                "output_oracle_rank_fraction": 0.9609375
              },
              "error_0p05": {
                "input_basis_ideal_cost_ratio": 1.1228298611111112,
                "input_basis_rank": 199,
                "input_basis_rank_fraction": 0.77734375,
                "output_oracle_ideal_cost_ratio": 1.0889756944444444,
                "output_oracle_rank": 193,
                "output_oracle_rank_fraction": 0.75390625
              },
              "error_0p1": {
                "input_basis_ideal_cost_ratio": 0.86328125,
                "input_basis_rank": 153,
                "input_basis_rank_fraction": 0.59765625,
                "output_oracle_ideal_cost_ratio": 0.8237847222222222,
                "output_oracle_rank": 146,
                "output_oracle_rank_fraction": 0.5703125
              },
              "input_effective_rank": 5.245615005493164
            },
            {
              "error_0p01": {
                "input_basis_ideal_cost_ratio": 1.4049479166666667,
                "input_basis_rank": 249,
                "input_basis_rank_fraction": 0.97265625,
                "output_oracle_ideal_cost_ratio": 1.3993055555555556,
                "output_oracle_rank": 248,
                "output_oracle_rank_fraction": 0.96875
              },
              "error_0p05": {
                "input_basis_ideal_cost_ratio": 1.1961805555555556,
                "input_basis_rank": 212,
                "input_basis_rank_fraction": 0.828125,
                "output_oracle_ideal_cost_ratio": 1.16796875,
                "output_oracle_rank": 207,
                "output_oracle_rank_fraction": 0.80859375
              },
              "error_0p1": {
                "input_basis_ideal_cost_ratio": 0.96484375,
                "input_basis_rank": 171,
                "input_basis_rank_fraction": 0.66796875,
                "output_oracle_ideal_cost_ratio": 0.9253472222222222,
                "output_oracle_rank": 164,
                "output_oracle_rank_fraction": 0.640625
              },
              "input_effective_rank": 6.8244171142578125
            },
            {
              "error_0p01": {
                "input_basis_ideal_cost_ratio": 1.421875,
                "input_basis_rank": 252,
                "input_basis_rank_fraction": 0.984375,
                "output_oracle_ideal_cost_ratio": 1.4162326388888888,
                "output_oracle_rank": 251,
                "output_oracle_rank_fraction": 0.98046875
              },
              "error_0p05": {
                "input_basis_ideal_cost_ratio": 1.2469618055555556,
                "input_basis_rank": 221,
                "input_basis_rank_fraction": 0.86328125,
                "output_oracle_ideal_cost_ratio": 1.21875,
                "output_oracle_rank": 216,
                "output_oracle_rank_fraction": 0.84375
              },
              "error_0p1": {
                "input_basis_ideal_cost_ratio": 1.0269097222222223,
                "input_basis_rank": 182,
                "input_basis_rank_fraction": 0.7109375,
                "output_oracle_ideal_cost_ratio": 0.9817708333333333,
                "output_oracle_rank": 174,
                "output_oracle_rank_fraction": 0.6796875
              },
              "input_effective_rank": 7.2520599365234375
            },
            {
              "error_0p01": {
                "input_basis_ideal_cost_ratio": 1.4105902777777777,
                "input_basis_rank": 250,
                "input_basis_rank_fraction": 0.9765625,
                "output_oracle_ideal_cost_ratio": 1.4049479166666667,
                "output_oracle_rank": 249,
                "output_oracle_rank_fraction": 0.97265625
              },
              "error_0p05": {
                "input_basis_ideal_cost_ratio": 1.1961805555555556,
                "input_basis_rank": 212,
                "input_basis_rank_fraction": 0.828125,
                "output_oracle_ideal_cost_ratio": 1.1623263888888888,
                "output_oracle_rank": 206,
                "output_oracle_rank_fraction": 0.8046875
              },
              "error_0p1": {
                "input_basis_ideal_cost_ratio": 0.9535590277777778,
                "input_basis_rank": 169,
                "input_basis_rank_fraction": 0.66015625,
                "output_oracle_ideal_cost_ratio": 0.9140625,
                "output_oracle_rank": 162,
                "output_oracle_rank_fraction": 0.6328125
              },
              "input_effective_rank": 6.428516387939453
            },
            {
              "error_0p01": {
                "input_basis_ideal_cost_ratio": 1.4105902777777777,
                "input_basis_rank": 250,
                "input_basis_rank_fraction": 0.9765625,
                "output_oracle_ideal_cost_ratio": 1.4049479166666667,
                "output_oracle_rank": 249,
                "output_oracle_rank_fraction": 0.97265625
              },
              "error_0p05": {
                "input_basis_ideal_cost_ratio": 1.1961805555555556,
                "input_basis_rank": 212,
                "input_basis_rank_fraction": 0.828125,
                "output_oracle_ideal_cost_ratio": 1.16796875,
                "output_oracle_rank": 207,
                "output_oracle_rank_fraction": 0.80859375
              },
              "error_0p1": {
                "input_basis_ideal_cost_ratio": 0.9592013888888888,
                "input_basis_rank": 170,
                "input_basis_rank_fraction": 0.6640625,
                "output_oracle_ideal_cost_ratio": 0.9197048611111112,
                "output_oracle_rank": 163,
                "output_oracle_rank_fraction": 0.63671875
              },
              "input_effective_rank": 6.235252380371094
            },
            {
              "error_0p01": {
                "input_basis_ideal_cost_ratio": 1.4275173611111112,
                "input_basis_rank": 253,
                "input_basis_rank_fraction": 0.98828125,
                "output_oracle_ideal_cost_ratio": 1.421875,
                "output_oracle_rank": 252,
                "output_oracle_rank_fraction": 0.984375
              },
              "error_0p05": {
                "input_basis_ideal_cost_ratio": 1.2356770833333333,
                "input_basis_rank": 219,
                "input_basis_rank_fraction": 0.85546875,
                "output_oracle_ideal_cost_ratio": 1.2018229166666667,
                "output_oracle_rank": 213,
                "output_oracle_rank_fraction": 0.83203125
              },
              "error_0p1": {
                "input_basis_ideal_cost_ratio": 0.9986979166666667,
                "input_basis_rank": 177,
                "input_basis_rank_fraction": 0.69140625,
                "output_oracle_ideal_cost_ratio": 0.9592013888888888,
                "output_oracle_rank": 170,
                "output_oracle_rank_fraction": 0.6640625
              },
              "input_effective_rank": 6.132256031036377
            },
            {
              "error_0p01": {
                "input_basis_ideal_cost_ratio": 1.3936631944444444,
                "input_basis_rank": 247,
                "input_basis_rank_fraction": 0.96484375,
                "output_oracle_ideal_cost_ratio": 1.3880208333333333,
                "output_oracle_rank": 246,
                "output_oracle_rank_fraction": 0.9609375
              },
              "error_0p05": {
                "input_basis_ideal_cost_ratio": 1.1397569444444444,
                "input_basis_rank": 202,
                "input_basis_rank_fraction": 0.7890625,
                "output_oracle_ideal_cost_ratio": 1.1059027777777777,
                "output_oracle_rank": 196,
                "output_oracle_rank_fraction": 0.765625
              },
              "error_0p1": {
                "input_basis_ideal_cost_ratio": 0.8858506944444444,
                "input_basis_rank": 157,
                "input_basis_rank_fraction": 0.61328125,
                "output_oracle_ideal_cost_ratio": 0.8463541666666667,
                "output_oracle_rank": 150,
                "output_oracle_rank_fraction": 0.5859375
              },
              "input_effective_rank": 5.742811679840088
            }
          ],
          "summary": {
            "all_cell_gates_pass": false,
            "error_0p01": {
              "input_basis_ideal_cost_ratio": {
                "max": 1.4275173611111112,
                "median": 1.4105902777777777,
                "min": 1.37109375,
                "p90": 1.4190538194444444
              },
              "input_basis_rank_fraction": {
                "max": 0.98828125,
                "median": 0.9765625,
                "min": 0.94921875,
                "p90": 0.982421875
              },
              "output_oracle_ideal_cost_ratio": {
                "max": 1.421875,
                "median": 1.4049479166666667,
                "min": 1.3598090277777777,
                "p90": 1.4134114583333333
              },
              "output_oracle_rank_fraction": {
                "max": 0.984375,
                "median": 0.97265625,
                "min": 0.94140625,
                "p90": 0.978515625
              }
            },
            "error_0p05": {
              "input_basis_ideal_cost_ratio": {
                "max": 1.2469618055555556,
                "median": 1.1961805555555556,
                "min": 1.1228298611111112,
                "p90": 1.2413194444444444
              },
              "input_basis_rank_fraction": {
                "max": 0.86328125,
                "median": 0.828125,
                "min": 0.77734375,
                "p90": 0.859375
              },
              "output_oracle_ideal_cost_ratio": {
                "max": 1.21875,
                "median": 1.16796875,
                "min": 1.0889756944444444,
                "p90": 1.2102864583333335
              },
              "output_oracle_rank_fraction": {
                "max": 0.84375,
                "median": 0.80859375,
                "min": 0.75390625,
                "p90": 0.837890625
              }
            },
            "error_0p1": {
              "input_basis_ideal_cost_ratio": {
                "max": 1.0269097222222223,
                "median": 0.96484375,
                "min": 0.86328125,
                "p90": 1.0212673611111112
              },
              "input_basis_rank_fraction": {
                "max": 0.7109375,
                "median": 0.66796875,
                "min": 0.59765625,
                "p90": 0.70703125
              },
              "output_oracle_ideal_cost_ratio": {
                "max": 0.9817708333333333,
                "median": 0.9253472222222222,
                "min": 0.8237847222222222,
                "p90": 0.9761284722222222
              },
              "output_oracle_rank_fraction": {
                "max": 0.6796875,
                "median": 0.640625,
                "min": 0.5703125,
                "p90": 0.67578125
              }
            },
            "gates": {
              "input_basis_median_cost_at_most_0p5": false,
              "input_basis_p90_cost_at_most_0p5": false,
              "oracle_median_cost_at_most_0p5": false,
              "oracle_p90_cost_at_most_0p5": false
            },
            "input_effective_rank": {
              "max": 7.811305046081543,
              "median": 6.793541431427002,
              "min": 5.245615005493164,
              "p90": 7.2830188274383545
            }
          }
        },
        {
          "depth_fraction": 0.7333333333333333,
          "kind": "ffn_up",
          "layer": 21,
          "sequence_count": 16,
          "sequences": [
            {
              "error_0p01": {
                "input_basis_ideal_cost_ratio": 1.3936631944444444,
                "input_basis_rank": 247,
                "input_basis_rank_fraction": 0.96484375,
                "output_oracle_ideal_cost_ratio": 1.3823784722222223,
                "output_oracle_rank": 245,
                "output_oracle_rank_fraction": 0.95703125
              },
              "error_0p05": {
                "input_basis_ideal_cost_ratio": 1.1341145833333333,
                "input_basis_rank": 201,
                "input_basis_rank_fraction": 0.78515625,
                "output_oracle_ideal_cost_ratio": 1.1002604166666667,
                "output_oracle_rank": 195,
                "output_oracle_rank_fraction": 0.76171875
              },
              "error_0p1": {
                "input_basis_ideal_cost_ratio": 0.8689236111111112,
                "input_basis_rank": 154,
                "input_basis_rank_fraction": 0.6015625,
                "output_oracle_ideal_cost_ratio": 0.8294270833333333,
                "output_oracle_rank": 147,
                "output_oracle_rank_fraction": 0.57421875
              },
              "input_effective_rank": 9.738170623779297
            },
            {
              "error_0p01": {
                "input_basis_ideal_cost_ratio": 1.4105902777777777,
                "input_basis_rank": 250,
                "input_basis_rank_fraction": 0.9765625,
                "output_oracle_ideal_cost_ratio": 1.4049479166666667,
                "output_oracle_rank": 249,
                "output_oracle_rank_fraction": 0.97265625
              },
              "error_0p05": {
                "input_basis_ideal_cost_ratio": 1.2074652777777777,
                "input_basis_rank": 214,
                "input_basis_rank_fraction": 0.8359375,
                "output_oracle_ideal_cost_ratio": 1.1792534722222223,
                "output_oracle_rank": 209,
                "output_oracle_rank_fraction": 0.81640625
              },
              "error_0p1": {
                "input_basis_ideal_cost_ratio": 0.9704861111111112,
                "input_basis_rank": 172,
                "input_basis_rank_fraction": 0.671875,
                "output_oracle_ideal_cost_ratio": 0.9253472222222222,
                "output_oracle_rank": 164,
                "output_oracle_rank_fraction": 0.640625
              },
              "input_effective_rank": 10.365684509277344
            },
            {
              "error_0p01": {
                "input_basis_ideal_cost_ratio": 1.37109375,
                "input_basis_rank": 243,
                "input_basis_rank_fraction": 0.94921875,
                "output_oracle_ideal_cost_ratio": 1.3654513888888888,
                "output_oracle_rank": 242,
                "output_oracle_rank_fraction": 0.9453125
              },
              "error_0p05": {
                "input_basis_ideal_cost_ratio": 1.1566840277777777,
                "input_basis_rank": 205,
                "input_basis_rank_fraction": 0.80078125,
                "output_oracle_ideal_cost_ratio": 1.1228298611111112,
                "output_oracle_rank": 199,
                "output_oracle_rank_fraction": 0.77734375
              },
              "error_0p1": {
                "input_basis_ideal_cost_ratio": 0.9140625,
                "input_basis_rank": 162,
                "input_basis_rank_fraction": 0.6328125,
                "output_oracle_ideal_cost_ratio": 0.8689236111111112,
                "output_oracle_rank": 154,
                "output_oracle_rank_fraction": 0.6015625
              },
              "input_effective_rank": 10.377737998962402
            },
            {
              "error_0p01": {
                "input_basis_ideal_cost_ratio": 1.4105902777777777,
                "input_basis_rank": 250,
                "input_basis_rank_fraction": 0.9765625,
                "output_oracle_ideal_cost_ratio": 1.4049479166666667,
                "output_oracle_rank": 249,
                "output_oracle_rank_fraction": 0.97265625
              },
              "error_0p05": {
                "input_basis_ideal_cost_ratio": 1.2131076388888888,
                "input_basis_rank": 215,
                "input_basis_rank_fraction": 0.83984375,
                "output_oracle_ideal_cost_ratio": 1.1792534722222223,
                "output_oracle_rank": 209,
                "output_oracle_rank_fraction": 0.81640625
              },
              "error_0p1": {
                "input_basis_ideal_cost_ratio": 0.9704861111111112,
                "input_basis_rank": 172,
                "input_basis_rank_fraction": 0.671875,
                "output_oracle_ideal_cost_ratio": 0.9309895833333333,
                "output_oracle_rank": 165,
                "output_oracle_rank_fraction": 0.64453125
              },
              "input_effective_rank": 9.72867202758789
            },
            {
              "error_0p01": {
                "input_basis_ideal_cost_ratio": 1.4049479166666667,
                "input_basis_rank": 249,
                "input_basis_rank_fraction": 0.97265625,
                "output_oracle_ideal_cost_ratio": 1.3936631944444444,
                "output_oracle_rank": 247,
                "output_oracle_rank_fraction": 0.96484375
              },
              "error_0p05": {
                "input_basis_ideal_cost_ratio": 1.2074652777777777,
                "input_basis_rank": 214,
                "input_basis_rank_fraction": 0.8359375,
                "output_oracle_ideal_cost_ratio": 1.1792534722222223,
                "output_oracle_rank": 209,
                "output_oracle_rank_fraction": 0.81640625
              },
              "error_0p1": {
                "input_basis_ideal_cost_ratio": 0.9761284722222222,
                "input_basis_rank": 173,
                "input_basis_rank_fraction": 0.67578125,
                "output_oracle_ideal_cost_ratio": 0.9366319444444444,
                "output_oracle_rank": 166,
                "output_oracle_rank_fraction": 0.6484375
              },
              "input_effective_rank": 10.498933792114258
            },
            {
              "error_0p01": {
                "input_basis_ideal_cost_ratio": 1.3823784722222223,
                "input_basis_rank": 245,
                "input_basis_rank_fraction": 0.95703125,
                "output_oracle_ideal_cost_ratio": 1.37109375,
                "output_oracle_rank": 243,
                "output_oracle_rank_fraction": 0.94921875
              },
              "error_0p05": {
                "input_basis_ideal_cost_ratio": 1.1848958333333333,
                "input_basis_rank": 210,
                "input_basis_rank_fraction": 0.8203125,
                "output_oracle_ideal_cost_ratio": 1.1566840277777777,
                "output_oracle_rank": 205,
                "output_oracle_rank_fraction": 0.80078125
              },
              "error_0p1": {
                "input_basis_ideal_cost_ratio": 0.9592013888888888,
                "input_basis_rank": 170,
                "input_basis_rank_fraction": 0.6640625,
                "output_oracle_ideal_cost_ratio": 0.9140625,
                "output_oracle_rank": 162,
                "output_oracle_rank_fraction": 0.6328125
              },
              "input_effective_rank": 10.21838092803955
            },
            {
              "error_0p01": {
                "input_basis_ideal_cost_ratio": 1.4049479166666667,
                "input_basis_rank": 249,
                "input_basis_rank_fraction": 0.97265625,
                "output_oracle_ideal_cost_ratio": 1.3993055555555556,
                "output_oracle_rank": 248,
                "output_oracle_rank_fraction": 0.96875
              },
              "error_0p05": {
                "input_basis_ideal_cost_ratio": 1.2018229166666667,
                "input_basis_rank": 213,
                "input_basis_rank_fraction": 0.83203125,
                "output_oracle_ideal_cost_ratio": 1.16796875,
                "output_oracle_rank": 207,
                "output_oracle_rank_fraction": 0.80859375
              },
              "error_0p1": {
                "input_basis_ideal_cost_ratio": 0.9592013888888888,
                "input_basis_rank": 170,
                "input_basis_rank_fraction": 0.6640625,
                "output_oracle_ideal_cost_ratio": 0.9140625,
                "output_oracle_rank": 162,
                "output_oracle_rank_fraction": 0.6328125
              },
              "input_effective_rank": 9.754556655883789
            },
            {
              "error_0p01": {
                "input_basis_ideal_cost_ratio": 1.4049479166666667,
                "input_basis_rank": 249,
                "input_basis_rank_fraction": 0.97265625,
                "output_oracle_ideal_cost_ratio": 1.3993055555555556,
                "output_oracle_rank": 248,
                "output_oracle_rank_fraction": 0.96875
              },
              "error_0p05": {
                "input_basis_ideal_cost_ratio": 1.2074652777777777,
                "input_basis_rank": 214,
                "input_basis_rank_fraction": 0.8359375,
                "output_oracle_ideal_cost_ratio": 1.1736111111111112,
                "output_oracle_rank": 208,
                "output_oracle_rank_fraction": 0.8125
              },
              "error_0p1": {
                "input_basis_ideal_cost_ratio": 0.9704861111111112,
                "input_basis_rank": 172,
                "input_basis_rank_fraction": 0.671875,
                "output_oracle_ideal_cost_ratio": 0.9309895833333333,
                "output_oracle_rank": 165,
                "output_oracle_rank_fraction": 0.64453125
              },
              "input_effective_rank": 9.834088325500488
            },
            {
              "error_0p01": {
                "input_basis_ideal_cost_ratio": 1.4105902777777777,
                "input_basis_rank": 250,
                "input_basis_rank_fraction": 0.9765625,
                "output_oracle_ideal_cost_ratio": 1.4049479166666667,
                "output_oracle_rank": 249,
                "output_oracle_rank_fraction": 0.97265625
              },
              "error_0p05": {
                "input_basis_ideal_cost_ratio": 1.2300347222222223,
                "input_basis_rank": 218,
                "input_basis_rank_fraction": 0.8515625,
                "output_oracle_ideal_cost_ratio": 1.2018229166666667,
                "output_oracle_rank": 213,
                "output_oracle_rank_fraction": 0.83203125
              },
              "error_0p1": {
                "input_basis_ideal_cost_ratio": 0.9986979166666667,
                "input_basis_rank": 177,
                "input_basis_rank_fraction": 0.69140625,
                "output_oracle_ideal_cost_ratio": 0.9535590277777778,
                "output_oracle_rank": 169,
                "output_oracle_rank_fraction": 0.66015625
              },
              "input_effective_rank": 11.225789070129395
            },
            {
              "error_0p01": {
                "input_basis_ideal_cost_ratio": 1.3993055555555556,
                "input_basis_rank": 248,
                "input_basis_rank_fraction": 0.96875,
                "output_oracle_ideal_cost_ratio": 1.3880208333333333,
                "output_oracle_rank": 246,
                "output_oracle_rank_fraction": 0.9609375
              },
              "error_0p05": {
                "input_basis_ideal_cost_ratio": 1.1171875,
                "input_basis_rank": 198,
                "input_basis_rank_fraction": 0.7734375,
                "output_oracle_ideal_cost_ratio": 1.0833333333333333,
                "output_oracle_rank": 192,
                "output_oracle_rank_fraction": 0.75
              },
              "error_0p1": {
                "input_basis_ideal_cost_ratio": 0.8407118055555556,
                "input_basis_rank": 149,
                "input_basis_rank_fraction": 0.58203125,
                "output_oracle_ideal_cost_ratio": 0.8012152777777778,
                "output_oracle_rank": 142,
                "output_oracle_rank_fraction": 0.5546875
              },
              "input_effective_rank": 7.1298418045043945
            },
            {
              "error_0p01": {
                "input_basis_ideal_cost_ratio": 1.4049479166666667,
                "input_basis_rank": 249,
                "input_basis_rank_fraction": 0.97265625,
                "output_oracle_ideal_cost_ratio": 1.3936631944444444,
                "output_oracle_rank": 247,
                "output_oracle_rank_fraction": 0.96484375
              },
              "error_0p05": {
                "input_basis_ideal_cost_ratio": 1.1792534722222223,
                "input_basis_rank": 209,
                "input_basis_rank_fraction": 0.81640625,
                "output_oracle_ideal_cost_ratio": 1.1453993055555556,
                "output_oracle_rank": 203,
                "output_oracle_rank_fraction": 0.79296875
              },
              "error_0p1": {
                "input_basis_ideal_cost_ratio": 0.9253472222222222,
                "input_basis_rank": 164,
                "input_basis_rank_fraction": 0.640625,
                "output_oracle_ideal_cost_ratio": 0.8858506944444444,
                "output_oracle_rank": 157,
                "output_oracle_rank_fraction": 0.61328125
              },
              "input_effective_rank": 9.499614715576172
            },
            {
              "error_0p01": {
                "input_basis_ideal_cost_ratio": 1.421875,
                "input_basis_rank": 252,
                "input_basis_rank_fraction": 0.984375,
                "output_oracle_ideal_cost_ratio": 1.4162326388888888,
                "output_oracle_rank": 251,
                "output_oracle_rank_fraction": 0.98046875
              },
              "error_0p05": {
                "input_basis_ideal_cost_ratio": 1.2300347222222223,
                "input_basis_rank": 218,
                "input_basis_rank_fraction": 0.8515625,
                "output_oracle_ideal_cost_ratio": 1.2018229166666667,
                "output_oracle_rank": 213,
                "output_oracle_rank_fraction": 0.83203125
              },
              "error_0p1": {
                "input_basis_ideal_cost_ratio": 0.9986979166666667,
                "input_basis_rank": 177,
                "input_basis_rank_fraction": 0.69140625,
                "output_oracle_ideal_cost_ratio": 0.9535590277777778,
                "output_oracle_rank": 169,
                "output_oracle_rank_fraction": 0.66015625
              },
              "input_effective_rank": 11.087556838989258
            },
            {
              "error_0p01": {
                "input_basis_ideal_cost_ratio": 1.4049479166666667,
                "input_basis_rank": 249,
                "input_basis_rank_fraction": 0.97265625,
                "output_oracle_ideal_cost_ratio": 1.3993055555555556,
                "output_oracle_rank": 248,
                "output_oracle_rank_fraction": 0.96875
              },
              "error_0p05": {
                "input_basis_ideal_cost_ratio": 1.16796875,
                "input_basis_rank": 207,
                "input_basis_rank_fraction": 0.80859375,
                "output_oracle_ideal_cost_ratio": 1.1341145833333333,
                "output_oracle_rank": 201,
                "output_oracle_rank_fraction": 0.78515625
              },
              "error_0p1": {
                "input_basis_ideal_cost_ratio": 0.9140625,
                "input_basis_rank": 162,
                "input_basis_rank_fraction": 0.6328125,
                "output_oracle_ideal_cost_ratio": 0.8689236111111112,
                "output_oracle_rank": 154,
                "output_oracle_rank_fraction": 0.6015625
              },
              "input_effective_rank": 8.917062759399414
            },
            {
              "error_0p01": {
                "input_basis_ideal_cost_ratio": 1.4049479166666667,
                "input_basis_rank": 249,
                "input_basis_rank_fraction": 0.97265625,
                "output_oracle_ideal_cost_ratio": 1.3936631944444444,
                "output_oracle_rank": 247,
                "output_oracle_rank_fraction": 0.96484375
              },
              "error_0p05": {
                "input_basis_ideal_cost_ratio": 1.16796875,
                "input_basis_rank": 207,
                "input_basis_rank_fraction": 0.80859375,
                "output_oracle_ideal_cost_ratio": 1.1341145833333333,
                "output_oracle_rank": 201,
                "output_oracle_rank_fraction": 0.78515625
              },
              "error_0p1": {
                "input_basis_ideal_cost_ratio": 0.9140625,
                "input_basis_rank": 162,
                "input_basis_rank_fraction": 0.6328125,
                "output_oracle_ideal_cost_ratio": 0.8745659722222222,
                "output_oracle_rank": 155,
                "output_oracle_rank_fraction": 0.60546875
              },
              "input_effective_rank": 7.970637321472168
            },
            {
              "error_0p01": {
                "input_basis_ideal_cost_ratio": 1.4162326388888888,
                "input_basis_rank": 251,
                "input_basis_rank_fraction": 0.98046875,
                "output_oracle_ideal_cost_ratio": 1.4105902777777777,
                "output_oracle_rank": 250,
                "output_oracle_rank_fraction": 0.9765625
              },
              "error_0p05": {
                "input_basis_ideal_cost_ratio": 1.2018229166666667,
                "input_basis_rank": 213,
                "input_basis_rank_fraction": 0.83203125,
                "output_oracle_ideal_cost_ratio": 1.16796875,
                "output_oracle_rank": 207,
                "output_oracle_rank_fraction": 0.80859375
              },
              "error_0p1": {
                "input_basis_ideal_cost_ratio": 0.9422743055555556,
                "input_basis_rank": 167,
                "input_basis_rank_fraction": 0.65234375,
                "output_oracle_ideal_cost_ratio": 0.9027777777777778,
                "output_oracle_rank": 160,
                "output_oracle_rank_fraction": 0.625
              },
              "input_effective_rank": 7.893031120300293
            },
            {
              "error_0p01": {
                "input_basis_ideal_cost_ratio": 1.3993055555555556,
                "input_basis_rank": 248,
                "input_basis_rank_fraction": 0.96875,
                "output_oracle_ideal_cost_ratio": 1.3880208333333333,
                "output_oracle_rank": 246,
                "output_oracle_rank_fraction": 0.9609375
              },
              "error_0p05": {
                "input_basis_ideal_cost_ratio": 1.1397569444444444,
                "input_basis_rank": 202,
                "input_basis_rank_fraction": 0.7890625,
                "output_oracle_ideal_cost_ratio": 1.1002604166666667,
                "output_oracle_rank": 195,
                "output_oracle_rank_fraction": 0.76171875
              },
              "error_0p1": {
                "input_basis_ideal_cost_ratio": 0.8689236111111112,
                "input_basis_rank": 154,
                "input_basis_rank_fraction": 0.6015625,
                "output_oracle_ideal_cost_ratio": 0.8294270833333333,
                "output_oracle_rank": 147,
                "output_oracle_rank_fraction": 0.57421875
              },
              "input_effective_rank": 8.030430793762207
            }
          ],
          "summary": {
            "all_cell_gates_pass": false,
            "error_0p01": {
              "input_basis_ideal_cost_ratio": {
                "max": 1.421875,
                "median": 1.4049479166666667,
                "min": 1.37109375,
                "p90": 1.4134114583333333
              },
              "input_basis_rank_fraction": {
                "max": 0.984375,
                "median": 0.97265625,
                "min": 0.94921875,
                "p90": 0.978515625
              },
              "output_oracle_ideal_cost_ratio": {
                "max": 1.4162326388888888,
                "median": 1.3936631944444444,
                "min": 1.3654513888888888,
                "p90": 1.4077690972222223
              },
              "output_oracle_rank_fraction": {
                "max": 0.98046875,
                "median": 0.96484375,
                "min": 0.9453125,
                "p90": 0.974609375
              }
            },
            "error_0p05": {
              "input_basis_ideal_cost_ratio": {
                "max": 1.2300347222222223,
                "median": 1.1848958333333333,
                "min": 1.1171875,
                "p90": 1.2215711805555556
              },
              "input_basis_rank_fraction": {
                "max": 0.8515625,
                "median": 0.8203125,
                "min": 0.7734375,
                "p90": 0.845703125
              },
              "output_oracle_ideal_cost_ratio": {
                "max": 1.2018229166666667,
                "median": 1.1566840277777777,
                "min": 1.0833333333333333,
                "p90": 1.1905381944444446
              },
              "output_oracle_rank_fraction": {
                "max": 0.83203125,
                "median": 0.80078125,
                "min": 0.75,
                "p90": 0.82421875
              }
            },
            "error_0p1": {
              "input_basis_ideal_cost_ratio": {
                "max": 0.9986979166666667,
                "median": 0.9422743055555556,
                "min": 0.8407118055555556,
                "p90": 0.9874131944444444
              },
              "input_basis_rank_fraction": {
                "max": 0.69140625,
                "median": 0.65234375,
                "min": 0.58203125,
                "p90": 0.68359375
              },
              "output_oracle_ideal_cost_ratio": {
                "max": 0.9535590277777778,
                "median": 0.9027777777777778,
                "min": 0.8012152777777778,
                "p90": 0.9450954861111112
              },
              "output_oracle_rank_fraction": {
                "max": 0.66015625,
                "median": 0.625,
                "min": 0.5546875,
                "p90": 0.654296875
              }
            },
            "gates": {
              "input_basis_median_cost_at_most_0p5": false,
              "input_basis_p90_cost_at_most_0p5": false,
              "oracle_median_cost_at_most_0p5": false,
              "oracle_p90_cost_at_most_0p5": false
            },
            "input_effective_rank": {
              "max": 11.225789070129395,
              "median": 9.738170623779297,
              "min": 7.1298418045043945,
              "p90": 10.793245315551758
            }
          }
        }
      ],
      "hidden_size": 576,
      "layer_count": 30,
      "model_id": "HuggingFaceTB/SmolLM2-135M",
      "revision": "93efa2f097d58c2a74874c7e644dbc9b0cee75a2"
    },
    {
      "all_cell_gates_pass": false,
      "cells": [
        {
          "depth_fraction": 0.25,
          "kind": "qkv",
          "layer": 7,
          "sequence_count": 16,
          "sequences": [
            {
              "error_0p01": {
                "input_basis_ideal_cost_ratio": 1.1776041666666668,
                "input_basis_rank": 238,
                "input_basis_rank_fraction": 0.9296875,
                "output_oracle_ideal_cost_ratio": 1.1479166666666667,
                "output_oracle_rank": 232,
                "output_oracle_rank_fraction": 0.90625
              },
              "error_0p05": {
                "input_basis_ideal_cost_ratio": 0.8411458333333334,
                "input_basis_rank": 170,
                "input_basis_rank_fraction": 0.6640625,
                "output_oracle_ideal_cost_ratio": 0.771875,
                "output_oracle_rank": 156,
                "output_oracle_rank_fraction": 0.609375
              },
              "error_0p1": {
                "input_basis_ideal_cost_ratio": 0.5690104166666666,
                "input_basis_rank": 115,
                "input_basis_rank_fraction": 0.44921875,
                "output_oracle_ideal_cost_ratio": 0.48984375,
                "output_oracle_rank": 99,
                "output_oracle_rank_fraction": 0.38671875
              },
              "input_effective_rank": 2.608715295791626
            },
            {
              "error_0p01": {
                "input_basis_ideal_cost_ratio": 1.20234375,
                "input_basis_rank": 243,
                "input_basis_rank_fraction": 0.94921875,
                "output_oracle_ideal_cost_ratio": 1.1825520833333334,
                "output_oracle_rank": 239,
                "output_oracle_rank_fraction": 0.93359375
              },
              "error_0p05": {
                "input_basis_ideal_cost_ratio": 0.9104166666666667,
                "input_basis_rank": 184,
                "input_basis_rank_fraction": 0.71875,
                "output_oracle_ideal_cost_ratio": 0.8411458333333334,
                "output_oracle_rank": 170,
                "output_oracle_rank_fraction": 0.6640625
              },
              "error_0p1": {
                "input_basis_ideal_cost_ratio": 0.6432291666666666,
                "input_basis_rank": 130,
                "input_basis_rank_fraction": 0.5078125,
                "output_oracle_ideal_cost_ratio": 0.5591145833333333,
                "output_oracle_rank": 113,
                "output_oracle_rank_fraction": 0.44140625
              },
              "input_effective_rank": 2.768984079360962
            },
            {
              "error_0p01": {
                "input_basis_ideal_cost_ratio": 1.1677083333333333,
                "input_basis_rank": 236,
                "input_basis_rank_fraction": 0.921875,
                "output_oracle_ideal_cost_ratio": 1.1380208333333333,
                "output_oracle_rank": 230,
                "output_oracle_rank_fraction": 0.8984375
              },
              "error_0p05": {
                "input_basis_ideal_cost_ratio": 0.8263020833333333,
                "input_basis_rank": 167,
                "input_basis_rank_fraction": 0.65234375,
                "output_oracle_ideal_cost_ratio": 0.7619791666666667,
                "output_oracle_rank": 154,
                "output_oracle_rank_fraction": 0.6015625
              },
              "error_0p1": {
                "input_basis_ideal_cost_ratio": 0.5541666666666667,
                "input_basis_rank": 112,
                "input_basis_rank_fraction": 0.4375,
                "output_oracle_ideal_cost_ratio": 0.475,
                "output_oracle_rank": 96,
                "output_oracle_rank_fraction": 0.375
              },
              "input_effective_rank": 2.3172168731689453
            },
            {
              "error_0p01": {
                "input_basis_ideal_cost_ratio": 1.2171875,
                "input_basis_rank": 246,
                "input_basis_rank_fraction": 0.9609375,
                "output_oracle_ideal_cost_ratio": 1.20234375,
                "output_oracle_rank": 243,
                "output_oracle_rank_fraction": 0.94921875
              },
              "error_0p05": {
                "input_basis_ideal_cost_ratio": 0.9598958333333334,
                "input_basis_rank": 194,
                "input_basis_rank_fraction": 0.7578125,
                "output_oracle_ideal_cost_ratio": 0.8856770833333334,
                "output_oracle_rank": 179,
                "output_oracle_rank_fraction": 0.69921875
              },
              "error_0p1": {
                "input_basis_ideal_cost_ratio": 0.6828125,
                "input_basis_rank": 138,
                "input_basis_rank_fraction": 0.5390625,
                "output_oracle_ideal_cost_ratio": 0.57890625,
                "output_oracle_rank": 117,
                "output_oracle_rank_fraction": 0.45703125
              },
              "input_effective_rank": 2.5908427238464355
            },
            {
              "error_0p01": {
                "input_basis_ideal_cost_ratio": 1.2072916666666667,
                "input_basis_rank": 244,
                "input_basis_rank_fraction": 0.953125,
                "output_oracle_ideal_cost_ratio": 1.1875,
                "output_oracle_rank": 240,
                "output_oracle_rank_fraction": 0.9375
              },
              "error_0p05": {
                "input_basis_ideal_cost_ratio": 0.93515625,
                "input_basis_rank": 189,
                "input_basis_rank_fraction": 0.73828125,
                "output_oracle_ideal_cost_ratio": 0.8609375,
                "output_oracle_rank": 174,
                "output_oracle_rank_fraction": 0.6796875
              },
              "error_0p1": {
                "input_basis_ideal_cost_ratio": 0.66796875,
                "input_basis_rank": 135,
                "input_basis_rank_fraction": 0.52734375,
                "output_oracle_ideal_cost_ratio": 0.5739583333333333,
                "output_oracle_rank": 116,
                "output_oracle_rank_fraction": 0.453125
              },
              "input_effective_rank": 2.6636030673980713
            },
            {
              "error_0p01": {
                "input_basis_ideal_cost_ratio": 1.17265625,
                "input_basis_rank": 237,
                "input_basis_rank_fraction": 0.92578125,
                "output_oracle_ideal_cost_ratio": 1.1528645833333333,
                "output_oracle_rank": 233,
                "output_oracle_rank_fraction": 0.91015625
              },
              "error_0p05": {
                "input_basis_ideal_cost_ratio": 0.9005208333333333,
                "input_basis_rank": 182,
                "input_basis_rank_fraction": 0.7109375,
                "output_oracle_ideal_cost_ratio": 0.83125,
                "output_oracle_rank": 168,
                "output_oracle_rank_fraction": 0.65625
              },
              "error_0p1": {
                "input_basis_ideal_cost_ratio": 0.6333333333333333,
                "input_basis_rank": 128,
                "input_basis_rank_fraction": 0.5,
                "output_oracle_ideal_cost_ratio": 0.5442708333333334,
                "output_oracle_rank": 110,
                "output_oracle_rank_fraction": 0.4296875
              },
              "input_effective_rank": 2.520132541656494
            },
            {
              "error_0p01": {
                "input_basis_ideal_cost_ratio": 1.20234375,
                "input_basis_rank": 243,
                "input_basis_rank_fraction": 0.94921875,
                "output_oracle_ideal_cost_ratio": 1.1776041666666668,
                "output_oracle_rank": 238,
                "output_oracle_rank_fraction": 0.9296875
              },
              "error_0p05": {
                "input_basis_ideal_cost_ratio": 0.9302083333333333,
                "input_basis_rank": 188,
                "input_basis_rank_fraction": 0.734375,
                "output_oracle_ideal_cost_ratio": 0.8609375,
                "output_oracle_rank": 174,
                "output_oracle_rank_fraction": 0.6796875
              },
              "error_0p1": {
                "input_basis_ideal_cost_ratio": 0.6729166666666666,
                "input_basis_rank": 136,
                "input_basis_rank_fraction": 0.53125,
                "output_oracle_ideal_cost_ratio": 0.57890625,
                "output_oracle_rank": 117,
                "output_oracle_rank_fraction": 0.45703125
              },
              "input_effective_rank": 3.025928258895874
            },
            {
              "error_0p01": {
                "input_basis_ideal_cost_ratio": 1.1776041666666668,
                "input_basis_rank": 238,
                "input_basis_rank_fraction": 0.9296875,
                "output_oracle_ideal_cost_ratio": 1.1479166666666667,
                "output_oracle_rank": 232,
                "output_oracle_rank_fraction": 0.90625
              },
              "error_0p05": {
                "input_basis_ideal_cost_ratio": 0.8708333333333333,
                "input_basis_rank": 176,
                "input_basis_rank_fraction": 0.6875,
                "output_oracle_ideal_cost_ratio": 0.8015625,
                "output_oracle_rank": 162,
                "output_oracle_rank_fraction": 0.6328125
              },
              "error_0p1": {
                "input_basis_ideal_cost_ratio": 0.6135416666666667,
                "input_basis_rank": 124,
                "input_basis_rank_fraction": 0.484375,
                "output_oracle_ideal_cost_ratio": 0.5294270833333333,
                "output_oracle_rank": 107,
                "output_oracle_rank_fraction": 0.41796875
              },
              "input_effective_rank": 2.4854965209960938
            },
            {
              "error_0p01": {
                "input_basis_ideal_cost_ratio": 1.2072916666666667,
                "input_basis_rank": 244,
                "input_basis_rank_fraction": 0.953125,
                "output_oracle_ideal_cost_ratio": 1.1924479166666666,
                "output_oracle_rank": 241,
                "output_oracle_rank_fraction": 0.94140625
              },
              "error_0p05": {
                "input_basis_ideal_cost_ratio": 0.95,
                "input_basis_rank": 192,
                "input_basis_rank_fraction": 0.75,
                "output_oracle_ideal_cost_ratio": 0.87578125,
                "output_oracle_rank": 177,
                "output_oracle_rank_fraction": 0.69140625
              },
              "error_0p1": {
                "input_basis_ideal_cost_ratio": 0.6778645833333333,
                "input_basis_rank": 137,
                "input_basis_rank_fraction": 0.53515625,
                "output_oracle_ideal_cost_ratio": 0.5888020833333334,
                "output_oracle_rank": 119,
                "output_oracle_rank_fraction": 0.46484375
              },
              "input_effective_rank": 2.82796049118042
            },
            {
              "error_0p01": {
                "input_basis_ideal_cost_ratio": 1.1528645833333333,
                "input_basis_rank": 233,
                "input_basis_rank_fraction": 0.91015625,
                "output_oracle_ideal_cost_ratio": 1.1231770833333332,
                "output_oracle_rank": 227,
                "output_oracle_rank_fraction": 0.88671875
              },
              "error_0p05": {
                "input_basis_ideal_cost_ratio": 0.78671875,
                "input_basis_rank": 159,
                "input_basis_rank_fraction": 0.62109375,
                "output_oracle_ideal_cost_ratio": 0.72734375,
                "output_oracle_rank": 147,
                "output_oracle_rank_fraction": 0.57421875
              },
              "error_0p1": {
                "input_basis_ideal_cost_ratio": 0.534375,
                "input_basis_rank": 108,
                "input_basis_rank_fraction": 0.421875,
                "output_oracle_ideal_cost_ratio": 0.46510416666666665,
                "output_oracle_rank": 94,
                "output_oracle_rank_fraction": 0.3671875
              },
              "input_effective_rank": 2.7461578845977783
            },
            {
              "error_0p01": {
                "input_basis_ideal_cost_ratio": 1.1973958333333332,
                "input_basis_rank": 242,
                "input_basis_rank_fraction": 0.9453125,
                "output_oracle_ideal_cost_ratio": 1.17265625,
                "output_oracle_rank": 237,
                "output_oracle_rank_fraction": 0.92578125
              },
              "error_0p05": {
                "input_basis_ideal_cost_ratio": 0.890625,
                "input_basis_rank": 180,
                "input_basis_rank_fraction": 0.703125,
                "output_oracle_ideal_cost_ratio": 0.8213541666666666,
                "output_oracle_rank": 166,
                "output_oracle_rank_fraction": 0.6484375
              },
              "error_0p1": {
                "input_basis_ideal_cost_ratio": 0.6234375,
                "input_basis_rank": 126,
                "input_basis_rank_fraction": 0.4921875,
                "output_oracle_ideal_cost_ratio": 0.5442708333333334,
                "output_oracle_rank": 110,
                "output_oracle_rank_fraction": 0.4296875
              },
              "input_effective_rank": 2.7757439613342285
            },
            {
              "error_0p01": {
                "input_basis_ideal_cost_ratio": 1.2171875,
                "input_basis_rank": 246,
                "input_basis_rank_fraction": 0.9609375,
                "output_oracle_ideal_cost_ratio": 1.1973958333333332,
                "output_oracle_rank": 242,
                "output_oracle_rank_fraction": 0.9453125
              },
              "error_0p05": {
                "input_basis_ideal_cost_ratio": 0.96484375,
                "input_basis_rank": 195,
                "input_basis_rank_fraction": 0.76171875,
                "output_oracle_ideal_cost_ratio": 0.8955729166666666,
                "output_oracle_rank": 181,
                "output_oracle_rank_fraction": 0.70703125
              },
              "error_0p1": {
                "input_basis_ideal_cost_ratio": 0.7125,
                "input_basis_rank": 144,
                "input_basis_rank_fraction": 0.5625,
                "output_oracle_ideal_cost_ratio": 0.6184895833333334,
                "output_oracle_rank": 125,
                "output_oracle_rank_fraction": 0.48828125
              },
              "input_effective_rank": 3.1680045127868652
            },
            {
              "error_0p01": {
                "input_basis_ideal_cost_ratio": 1.1924479166666666,
                "input_basis_rank": 241,
                "input_basis_rank_fraction": 0.94140625,
                "output_oracle_ideal_cost_ratio": 1.1677083333333333,
                "output_oracle_rank": 236,
                "output_oracle_rank_fraction": 0.921875
              },
              "error_0p05": {
                "input_basis_ideal_cost_ratio": 0.8708333333333333,
                "input_basis_rank": 176,
                "input_basis_rank_fraction": 0.6875,
                "output_oracle_ideal_cost_ratio": 0.8015625,
                "output_oracle_rank": 162,
                "output_oracle_rank_fraction": 0.6328125
              },
              "error_0p1": {
                "input_basis_ideal_cost_ratio": 0.6135416666666667,
                "input_basis_rank": 124,
                "input_basis_rank_fraction": 0.484375,
                "output_oracle_ideal_cost_ratio": 0.534375,
                "output_oracle_rank": 108,
                "output_oracle_rank_fraction": 0.421875
              },
              "input_effective_rank": 3.128899097442627
            },
            {
              "error_0p01": {
                "input_basis_ideal_cost_ratio": 1.1825520833333334,
                "input_basis_rank": 239,
                "input_basis_rank_fraction": 0.93359375,
                "output_oracle_ideal_cost_ratio": 1.1578125,
                "output_oracle_rank": 234,
                "output_oracle_rank_fraction": 0.9140625
              },
              "error_0p05": {
                "input_basis_ideal_cost_ratio": 0.8708333333333333,
                "input_basis_rank": 176,
                "input_basis_rank_fraction": 0.6875,
                "output_oracle_ideal_cost_ratio": 0.8015625,
                "output_oracle_rank": 162,
                "output_oracle_rank_fraction": 0.6328125
              },
              "error_0p1": {
                "input_basis_ideal_cost_ratio": 0.6135416666666667,
                "input_basis_rank": 124,
                "input_basis_rank_fraction": 0.484375,
                "output_oracle_ideal_cost_ratio": 0.534375,
                "output_oracle_rank": 108,
                "output_oracle_rank_fraction": 0.421875
              },
              "input_effective_rank": 2.9240057468414307
            },
            {
              "error_0p01": {
                "input_basis_ideal_cost_ratio": 1.2122395833333333,
                "input_basis_rank": 245,
                "input_basis_rank_fraction": 0.95703125,
                "output_oracle_ideal_cost_ratio": 1.1973958333333332,
                "output_oracle_rank": 242,
                "output_oracle_rank_fraction": 0.9453125
              },
              "error_0p05": {
                "input_basis_ideal_cost_ratio": 0.9549479166666667,
                "input_basis_rank": 193,
                "input_basis_rank_fraction": 0.75390625,
                "output_oracle_ideal_cost_ratio": 0.8807291666666667,
                "output_oracle_rank": 178,
                "output_oracle_rank_fraction": 0.6953125
              },
              "error_0p1": {
                "input_basis_ideal_cost_ratio": 0.69765625,
                "input_basis_rank": 141,
                "input_basis_rank_fraction": 0.55078125,
                "output_oracle_ideal_cost_ratio": 0.60859375,
                "output_oracle_rank": 123,
                "output_oracle_rank_fraction": 0.48046875
              },
              "input_effective_rank": 3.3000731468200684
            },
            {
              "error_0p01": {
                "input_basis_ideal_cost_ratio": 1.17265625,
                "input_basis_rank": 237,
                "input_basis_rank_fraction": 0.92578125,
                "output_oracle_ideal_cost_ratio": 1.14296875,
                "output_oracle_rank": 231,
                "output_oracle_rank_fraction": 0.90234375
              },
              "error_0p05": {
                "input_basis_ideal_cost_ratio": 0.8361979166666667,
                "input_basis_rank": 169,
                "input_basis_rank_fraction": 0.66015625,
                "output_oracle_ideal_cost_ratio": 0.7768229166666667,
                "output_oracle_rank": 157,
                "output_oracle_rank_fraction": 0.61328125
              },
              "error_0p1": {
                "input_basis_ideal_cost_ratio": 0.5838541666666667,
                "input_basis_rank": 118,
                "input_basis_rank_fraction": 0.4609375,
                "output_oracle_ideal_cost_ratio": 0.5145833333333334,
                "output_oracle_rank": 104,
                "output_oracle_rank_fraction": 0.40625
              },
              "input_effective_rank": 3.5507595539093018
            }
          ],
          "summary": {
            "all_cell_gates_pass": false,
            "error_0p01": {
              "input_basis_ideal_cost_ratio": {
                "max": 1.2171875,
                "median": 1.1924479166666666,
                "min": 1.1528645833333333,
                "p90": 1.2147135416666668
              },
              "input_basis_rank_fraction": {
                "max": 0.9609375,
                "median": 0.94140625,
                "min": 0.91015625,
                "p90": 0.958984375
              },
              "output_oracle_ideal_cost_ratio": {
                "max": 1.20234375,
                "median": 1.1677083333333333,
                "min": 1.1231770833333332,
                "p90": 1.1973958333333332
              },
              "output_oracle_rank_fraction": {
                "max": 0.94921875,
                "median": 0.921875,
                "min": 0.88671875,
                "p90": 0.9453125
              }
            },
            "error_0p05": {
              "input_basis_ideal_cost_ratio": {
                "max": 0.96484375,
                "median": 0.890625,
                "min": 0.78671875,
                "p90": 0.9574218750000001
              },
              "input_basis_rank_fraction": {
                "max": 0.76171875,
                "median": 0.703125,
                "min": 0.62109375,
                "p90": 0.755859375
              },
              "output_oracle_ideal_cost_ratio": {
                "max": 0.8955729166666666,
                "median": 0.8213541666666666,
                "min": 0.72734375,
                "p90": 0.8832031250000001
              },
              "output_oracle_rank_fraction": {
                "max": 0.70703125,
                "median": 0.6484375,
                "min": 0.57421875,
                "p90": 0.697265625
              }
            },
            "error_0p1": {
              "input_basis_ideal_cost_ratio": {
                "max": 0.7125,
                "median": 0.6234375,
                "min": 0.534375,
                "p90": 0.690234375
              },
              "input_basis_rank_fraction": {
                "max": 0.5625,
                "median": 0.4921875,
                "min": 0.421875,
                "p90": 0.544921875
              },
              "output_oracle_ideal_cost_ratio": {
                "max": 0.6184895833333334,
                "median": 0.5442708333333334,
                "min": 0.46510416666666665,
                "p90": 0.5986979166666667
              },
              "output_oracle_rank_fraction": {
                "max": 0.48828125,
                "median": 0.4296875,
                "min": 0.3671875,
                "p90": 0.47265625
              }
            },
            "gates": {
              "input_basis_median_cost_at_most_0p5": false,
              "input_basis_p90_cost_at_most_0p5": false,
              "oracle_median_cost_at_most_0p5": false,
              "oracle_p90_cost_at_most_0p5": false
            },
            "input_effective_rank": {
              "max": 3.5507595539093018,
              "median": 2.768984079360962,
              "min": 2.3172168731689453,
              "p90": 3.234038829803467
            }
          }
        },
        {
          "depth_fraction": 0.5,
          "kind": "qkv",
          "layer": 15,
          "sequence_count": 16,
          "sequences": [
            {
              "error_0p01": {
                "input_basis_ideal_cost_ratio": 1.1973958333333332,
                "input_basis_rank": 242,
                "input_basis_rank_fraction": 0.9453125,
                "output_oracle_ideal_cost_ratio": 1.17265625,
                "output_oracle_rank": 237,
                "output_oracle_rank_fraction": 0.92578125
              },
              "error_0p05": {
                "input_basis_ideal_cost_ratio": 0.8658854166666666,
                "input_basis_rank": 175,
                "input_basis_rank_fraction": 0.68359375,
                "output_oracle_ideal_cost_ratio": 0.7817708333333333,
                "output_oracle_rank": 158,
                "output_oracle_rank_fraction": 0.6171875
              },
              "error_0p1": {
                "input_basis_ideal_cost_ratio": 0.5541666666666667,
                "input_basis_rank": 112,
                "input_basis_rank_fraction": 0.4375,
                "output_oracle_ideal_cost_ratio": 0.4700520833333333,
                "output_oracle_rank": 95,
                "output_oracle_rank_fraction": 0.37109375
              },
              "input_effective_rank": 3.0280141830444336
            },
            {
              "error_0p01": {
                "input_basis_ideal_cost_ratio": 1.2221354166666667,
                "input_basis_rank": 247,
                "input_basis_rank_fraction": 0.96484375,
                "output_oracle_ideal_cost_ratio": 1.20234375,
                "output_oracle_rank": 243,
                "output_oracle_rank_fraction": 0.94921875
              },
              "error_0p05": {
                "input_basis_ideal_cost_ratio": 0.93515625,
                "input_basis_rank": 189,
                "input_basis_rank_fraction": 0.73828125,
                "output_oracle_ideal_cost_ratio": 0.8411458333333334,
                "output_oracle_rank": 170,
                "output_oracle_rank_fraction": 0.6640625
              },
              "error_0p1": {
                "input_basis_ideal_cost_ratio": 0.6234375,
                "input_basis_rank": 126,
                "input_basis_rank_fraction": 0.4921875,
                "output_oracle_ideal_cost_ratio": 0.5244791666666666,
                "output_oracle_rank": 106,
                "output_oracle_rank_fraction": 0.4140625
              },
              "input_effective_rank": 2.657019853591919
            },
            {
              "error_0p01": {
                "input_basis_ideal_cost_ratio": 1.1825520833333334,
                "input_basis_rank": 239,
                "input_basis_rank_fraction": 0.93359375,
                "output_oracle_ideal_cost_ratio": 1.1627604166666667,
                "output_oracle_rank": 235,
                "output_oracle_rank_fraction": 0.91796875
              },
              "error_0p05": {
                "input_basis_ideal_cost_ratio": 0.8856770833333334,
                "input_basis_rank": 179,
                "input_basis_rank_fraction": 0.69921875,
                "output_oracle_ideal_cost_ratio": 0.8015625,
                "output_oracle_rank": 162,
                "output_oracle_rank_fraction": 0.6328125
              },
              "error_0p1": {
                "input_basis_ideal_cost_ratio": 0.5838541666666667,
                "input_basis_rank": 118,
                "input_basis_rank_fraction": 0.4609375,
                "output_oracle_ideal_cost_ratio": 0.4947916666666667,
                "output_oracle_rank": 100,
                "output_oracle_rank_fraction": 0.390625
              },
              "input_effective_rank": 3.0410661697387695
            },
            {
              "error_0p01": {
                "input_basis_ideal_cost_ratio": 1.2270833333333333,
                "input_basis_rank": 248,
                "input_basis_rank_fraction": 0.96875,
                "output_oracle_ideal_cost_ratio": 1.2072916666666667,
                "output_oracle_rank": 244,
                "output_oracle_rank_fraction": 0.953125
              },
              "error_0p05": {
                "input_basis_ideal_cost_ratio": 0.95,
                "input_basis_rank": 192,
                "input_basis_rank_fraction": 0.75,
                "output_oracle_ideal_cost_ratio": 0.8559895833333333,
                "output_oracle_rank": 173,
                "output_oracle_rank_fraction": 0.67578125
              },
              "error_0p1": {
                "input_basis_ideal_cost_ratio": 0.6333333333333333,
                "input_basis_rank": 128,
                "input_basis_rank_fraction": 0.5,
                "output_oracle_ideal_cost_ratio": 0.534375,
                "output_oracle_rank": 108,
                "output_oracle_rank_fraction": 0.421875
              },
              "input_effective_rank": 2.648369550704956
            },
            {
              "error_0p01": {
                "input_basis_ideal_cost_ratio": 1.2171875,
                "input_basis_rank": 246,
                "input_basis_rank_fraction": 0.9609375,
                "output_oracle_ideal_cost_ratio": 1.1973958333333332,
                "output_oracle_rank": 242,
                "output_oracle_rank_fraction": 0.9453125
              },
              "error_0p05": {
                "input_basis_ideal_cost_ratio": 0.95,
                "input_basis_rank": 192,
                "input_basis_rank_fraction": 0.75,
                "output_oracle_ideal_cost_ratio": 0.8609375,
                "output_oracle_rank": 174,
                "output_oracle_rank_fraction": 0.6796875
              },
              "error_0p1": {
                "input_basis_ideal_cost_ratio": 0.6432291666666666,
                "input_basis_rank": 130,
                "input_basis_rank_fraction": 0.5078125,
                "output_oracle_ideal_cost_ratio": 0.5442708333333334,
                "output_oracle_rank": 110,
                "output_oracle_rank_fraction": 0.4296875
              },
              "input_effective_rank": 2.9422624111175537
            },
            {
              "error_0p01": {
                "input_basis_ideal_cost_ratio": 1.1875,
                "input_basis_rank": 240,
                "input_basis_rank_fraction": 0.9375,
                "output_oracle_ideal_cost_ratio": 1.1677083333333333,
                "output_oracle_rank": 236,
                "output_oracle_rank_fraction": 0.921875
              },
              "error_0p05": {
                "input_basis_ideal_cost_ratio": 0.9203125,
                "input_basis_rank": 186,
                "input_basis_rank_fraction": 0.7265625,
                "output_oracle_ideal_cost_ratio": 0.83125,
                "output_oracle_rank": 168,
                "output_oracle_rank_fraction": 0.65625
              },
              "error_0p1": {
                "input_basis_ideal_cost_ratio": 0.6036458333333333,
                "input_basis_rank": 122,
                "input_basis_rank_fraction": 0.4765625,
                "output_oracle_ideal_cost_ratio": 0.5096354166666667,
                "output_oracle_rank": 103,
                "output_oracle_rank_fraction": 0.40234375
              },
              "input_effective_rank": 3.178895950317383
            },
            {
              "error_0p01": {
                "input_basis_ideal_cost_ratio": 1.2221354166666667,
                "input_basis_rank": 247,
                "input_basis_rank_fraction": 0.96484375,
                "output_oracle_ideal_cost_ratio": 1.20234375,
                "output_oracle_rank": 243,
                "output_oracle_rank_fraction": 0.94921875
              },
              "error_0p05": {
                "input_basis_ideal_cost_ratio": 0.9549479166666667,
                "input_basis_rank": 193,
                "input_basis_rank_fraction": 0.75390625,
                "output_oracle_ideal_cost_ratio": 0.8609375,
                "output_oracle_rank": 174,
                "output_oracle_rank_fraction": 0.6796875
              },
              "error_0p1": {
                "input_basis_ideal_cost_ratio": 0.63828125,
                "input_basis_rank": 129,
                "input_basis_rank_fraction": 0.50390625,
                "output_oracle_ideal_cost_ratio": 0.534375,
                "output_oracle_rank": 108,
                "output_oracle_rank_fraction": 0.421875
              },
              "input_effective_rank": 2.8673489093780518
            },
            {
              "error_0p01": {
                "input_basis_ideal_cost_ratio": 1.20234375,
                "input_basis_rank": 243,
                "input_basis_rank_fraction": 0.94921875,
                "output_oracle_ideal_cost_ratio": 1.1825520833333334,
                "output_oracle_rank": 239,
                "output_oracle_rank_fraction": 0.93359375
              },
              "error_0p05": {
                "input_basis_ideal_cost_ratio": 0.9153645833333334,
                "input_basis_rank": 185,
                "input_basis_rank_fraction": 0.72265625,
                "output_oracle_ideal_cost_ratio": 0.83125,
                "output_oracle_rank": 168,
                "output_oracle_rank_fraction": 0.65625
              },
              "error_0p1": {
                "input_basis_ideal_cost_ratio": 0.6135416666666667,
                "input_basis_rank": 124,
                "input_basis_rank_fraction": 0.484375,
                "output_oracle_ideal_cost_ratio": 0.5145833333333334,
                "output_oracle_rank": 104,
                "output_oracle_rank_fraction": 0.40625
              },
              "input_effective_rank": 3.1092727184295654
            },
            {
              "error_0p01": {
                "input_basis_ideal_cost_ratio": 1.2171875,
                "input_basis_rank": 246,
                "input_basis_rank_fraction": 0.9609375,
                "output_oracle_ideal_cost_ratio": 1.1973958333333332,
                "output_oracle_rank": 242,
                "output_oracle_rank_fraction": 0.9453125
              },
              "error_0p05": {
                "input_basis_ideal_cost_ratio": 0.95,
                "input_basis_rank": 192,
                "input_basis_rank_fraction": 0.75,
                "output_oracle_ideal_cost_ratio": 0.8609375,
                "output_oracle_rank": 174,
                "output_oracle_rank_fraction": 0.6796875
              },
              "error_0p1": {
                "input_basis_ideal_cost_ratio": 0.63828125,
                "input_basis_rank": 129,
                "input_basis_rank_fraction": 0.50390625,
                "output_oracle_ideal_cost_ratio": 0.5442708333333334,
                "output_oracle_rank": 110,
                "output_oracle_rank_fraction": 0.4296875
              },
              "input_effective_rank": 3.3728601932525635
            },
            {
              "error_0p01": {
                "input_basis_ideal_cost_ratio": 1.1776041666666668,
                "input_basis_rank": 238,
                "input_basis_rank_fraction": 0.9296875,
                "output_oracle_ideal_cost_ratio": 1.1479166666666667,
                "output_oracle_rank": 232,
                "output_oracle_rank_fraction": 0.90625
              },
              "error_0p05": {
                "input_basis_ideal_cost_ratio": 0.81640625,
                "input_basis_rank": 165,
                "input_basis_rank_fraction": 0.64453125,
                "output_oracle_ideal_cost_ratio": 0.7322916666666667,
                "output_oracle_rank": 148,
                "output_oracle_rank_fraction": 0.578125
              },
              "error_0p1": {
                "input_basis_ideal_cost_ratio": 0.5096354166666667,
                "input_basis_rank": 103,
                "input_basis_rank_fraction": 0.40234375,
                "output_oracle_ideal_cost_ratio": 0.43046875,
                "output_oracle_rank": 87,
                "output_oracle_rank_fraction": 0.33984375
              },
              "input_effective_rank": 2.787966728210449
            },
            {
              "error_0p01": {
                "input_basis_ideal_cost_ratio": 1.2072916666666667,
                "input_basis_rank": 244,
                "input_basis_rank_fraction": 0.953125,
                "output_oracle_ideal_cost_ratio": 1.1825520833333334,
                "output_oracle_rank": 239,
                "output_oracle_rank_fraction": 0.93359375
              },
              "error_0p05": {
                "input_basis_ideal_cost_ratio": 0.90546875,
                "input_basis_rank": 183,
                "input_basis_rank_fraction": 0.71484375,
                "output_oracle_ideal_cost_ratio": 0.81640625,
                "output_oracle_rank": 165,
                "output_oracle_rank_fraction": 0.64453125
              },
              "error_0p1": {
                "input_basis_ideal_cost_ratio": 0.59375,
                "input_basis_rank": 120,
                "input_basis_rank_fraction": 0.46875,
                "output_oracle_ideal_cost_ratio": 0.49973958333333335,
                "output_oracle_rank": 101,
                "output_oracle_rank_fraction": 0.39453125
              },
              "input_effective_rank": 3.214533567428589
            },
            {
              "error_0p01": {
                "input_basis_ideal_cost_ratio": 1.2270833333333333,
                "input_basis_rank": 248,
                "input_basis_rank_fraction": 0.96875,
                "output_oracle_ideal_cost_ratio": 1.2072916666666667,
                "output_oracle_rank": 244,
                "output_oracle_rank_fraction": 0.953125
              },
              "error_0p05": {
                "input_basis_ideal_cost_ratio": 0.9747395833333333,
                "input_basis_rank": 197,
                "input_basis_rank_fraction": 0.76953125,
                "output_oracle_ideal_cost_ratio": 0.8807291666666667,
                "output_oracle_rank": 178,
                "output_oracle_rank_fraction": 0.6953125
              },
              "error_0p1": {
                "input_basis_ideal_cost_ratio": 0.66796875,
                "input_basis_rank": 135,
                "input_basis_rank_fraction": 0.52734375,
                "output_oracle_ideal_cost_ratio": 0.5591145833333333,
                "output_oracle_rank": 113,
                "output_oracle_rank_fraction": 0.44140625
              },
              "input_effective_rank": 2.987652063369751
            },
            {
              "error_0p01": {
                "input_basis_ideal_cost_ratio": 1.2072916666666667,
                "input_basis_rank": 244,
                "input_basis_rank_fraction": 0.953125,
                "output_oracle_ideal_cost_ratio": 1.1875,
                "output_oracle_rank": 240,
                "output_oracle_rank_fraction": 0.9375
              },
              "error_0p05": {
                "input_basis_ideal_cost_ratio": 0.9005208333333333,
                "input_basis_rank": 182,
                "input_basis_rank_fraction": 0.7109375,
                "output_oracle_ideal_cost_ratio": 0.81640625,
                "output_oracle_rank": 165,
                "output_oracle_rank_fraction": 0.64453125
              },
              "error_0p1": {
                "input_basis_ideal_cost_ratio": 0.5986979166666666,
                "input_basis_rank": 121,
                "input_basis_rank_fraction": 0.47265625,
                "output_oracle_ideal_cost_ratio": 0.5145833333333334,
                "output_oracle_rank": 104,
                "output_oracle_rank_fraction": 0.40625
              },
              "input_effective_rank": 3.0580835342407227
            },
            {
              "error_0p01": {
                "input_basis_ideal_cost_ratio": 1.2171875,
                "input_basis_rank": 246,
                "input_basis_rank_fraction": 0.9609375,
                "output_oracle_ideal_cost_ratio": 1.1924479166666666,
                "output_oracle_rank": 241,
                "output_oracle_rank_fraction": 0.94140625
              },
              "error_0p05": {
                "input_basis_ideal_cost_ratio": 0.9153645833333334,
                "input_basis_rank": 185,
                "input_basis_rank_fraction": 0.72265625,
                "output_oracle_ideal_cost_ratio": 0.83125,
                "output_oracle_rank": 168,
                "output_oracle_rank_fraction": 0.65625
              },
              "error_0p1": {
                "input_basis_ideal_cost_ratio": 0.6184895833333334,
                "input_basis_rank": 125,
                "input_basis_rank_fraction": 0.48828125,
                "output_oracle_ideal_cost_ratio": 0.5244791666666666,
                "output_oracle_rank": 106,
                "output_oracle_rank_fraction": 0.4140625
              },
              "input_effective_rank": 2.9789528846740723
            },
            {
              "error_0p01": {
                "input_basis_ideal_cost_ratio": 1.23203125,
                "input_basis_rank": 249,
                "input_basis_rank_fraction": 0.97265625,
                "output_oracle_ideal_cost_ratio": 1.2122395833333333,
                "output_oracle_rank": 245,
                "output_oracle_rank_fraction": 0.95703125
              },
              "error_0p05": {
                "input_basis_ideal_cost_ratio": 0.96484375,
                "input_basis_rank": 195,
                "input_basis_rank_fraction": 0.76171875,
                "output_oracle_ideal_cost_ratio": 0.87578125,
                "output_oracle_rank": 177,
                "output_oracle_rank_fraction": 0.69140625
              },
              "error_0p1": {
                "input_basis_ideal_cost_ratio": 0.6580729166666667,
                "input_basis_rank": 133,
                "input_basis_rank_fraction": 0.51953125,
                "output_oracle_ideal_cost_ratio": 0.5591145833333333,
                "output_oracle_rank": 113,
                "output_oracle_rank_fraction": 0.44140625
              },
              "input_effective_rank": 2.8239996433258057
            },
            {
              "error_0p01": {
                "input_basis_ideal_cost_ratio": 1.1924479166666666,
                "input_basis_rank": 241,
                "input_basis_rank_fraction": 0.94140625,
                "output_oracle_ideal_cost_ratio": 1.1677083333333333,
                "output_oracle_rank": 236,
                "output_oracle_rank_fraction": 0.921875
              },
              "error_0p05": {
                "input_basis_ideal_cost_ratio": 0.8708333333333333,
                "input_basis_rank": 176,
                "input_basis_rank_fraction": 0.6875,
                "output_oracle_ideal_cost_ratio": 0.7817708333333333,
                "output_oracle_rank": 158,
                "output_oracle_rank_fraction": 0.6171875
              },
              "error_0p1": {
                "input_basis_ideal_cost_ratio": 0.5591145833333333,
                "input_basis_rank": 113,
                "input_basis_rank_fraction": 0.44140625,
                "output_oracle_ideal_cost_ratio": 0.475,
                "output_oracle_rank": 96,
                "output_oracle_rank_fraction": 0.375
              },
              "input_effective_rank": 3.0739338397979736
            }
          ],
          "summary": {
            "all_cell_gates_pass": false,
            "error_0p01": {
              "input_basis_ideal_cost_ratio": {
                "max": 1.23203125,
                "median": 1.2072916666666667,
                "min": 1.1776041666666668,
                "p90": 1.2270833333333333
              },
              "input_basis_rank_fraction": {
                "max": 0.97265625,
                "median": 0.953125,
                "min": 0.9296875,
                "p90": 0.96875
              },
              "output_oracle_ideal_cost_ratio": {
                "max": 1.2122395833333333,
                "median": 1.1875,
                "min": 1.1479166666666667,
                "p90": 1.2072916666666667
              },
              "output_oracle_rank_fraction": {
                "max": 0.95703125,
                "median": 0.9375,
                "min": 0.90625,
                "p90": 0.953125
              }
            },
            "error_0p05": {
              "input_basis_ideal_cost_ratio": {
                "max": 0.9747395833333333,
                "median": 0.9153645833333334,
                "min": 0.81640625,
                "p90": 0.9598958333333334
              },
              "input_basis_rank_fraction": {
                "max": 0.76953125,
                "median": 0.72265625,
                "min": 0.64453125,
                "p90": 0.7578125
              },
              "output_oracle_ideal_cost_ratio": {
                "max": 0.8807291666666667,
                "median": 0.83125,
                "min": 0.7322916666666667,
                "p90": 0.868359375
              },
              "output_oracle_rank_fraction": {
                "max": 0.6953125,
                "median": 0.65625,
                "min": 0.578125,
                "p90": 0.685546875
              }
            },
            "error_0p1": {
              "input_basis_ideal_cost_ratio": {
                "max": 0.66796875,
                "median": 0.6135416666666667,
                "min": 0.5096354166666667,
                "p90": 0.6506510416666667
              },
              "input_basis_rank_fraction": {
                "max": 0.52734375,
                "median": 0.484375,
                "min": 0.40234375,
                "p90": 0.513671875
              },
              "output_oracle_ideal_cost_ratio": {
                "max": 0.5591145833333333,
                "median": 0.5145833333333334,
                "min": 0.43046875,
                "p90": 0.5516927083333334
              },
              "output_oracle_rank_fraction": {
                "max": 0.44140625,
                "median": 0.40625,
                "min": 0.33984375,
                "p90": 0.435546875
              }
            },
            "gates": {
              "input_basis_median_cost_at_most_0p5": false,
              "input_basis_p90_cost_at_most_0p5": false,
              "oracle_median_cost_at_most_0p5": false,
              "oracle_p90_cost_at_most_0p5": false
            },
            "input_effective_rank": {
              "max": 3.3728601932525635,
              "median": 2.987652063369751,
              "min": 2.648369550704956,
              "p90": 3.196714758872986
            }
          }
        },
        {
          "depth_fraction": 0.75,
          "kind": "qkv",
          "layer": 23,
          "sequence_count": 16,
          "sequences": [
            {
              "error_0p01": {
                "input_basis_ideal_cost_ratio": 1.2072916666666667,
                "input_basis_rank": 244,
                "input_basis_rank_fraction": 0.953125,
                "output_oracle_ideal_cost_ratio": 1.1776041666666668,
                "output_oracle_rank": 238,
                "output_oracle_rank_fraction": 0.9296875
              },
              "error_0p05": {
                "input_basis_ideal_cost_ratio": 0.9104166666666667,
                "input_basis_rank": 184,
                "input_basis_rank_fraction": 0.71875,
                "output_oracle_ideal_cost_ratio": 0.8213541666666666,
                "output_oracle_rank": 166,
                "output_oracle_rank_fraction": 0.6484375
              },
              "error_0p1": {
                "input_basis_ideal_cost_ratio": 0.6283854166666667,
                "input_basis_rank": 127,
                "input_basis_rank_fraction": 0.49609375,
                "output_oracle_ideal_cost_ratio": 0.5294270833333333,
                "output_oracle_rank": 107,
                "output_oracle_rank_fraction": 0.41796875
              },
              "input_effective_rank": 4.64051628112793
            },
            {
              "error_0p01": {
                "input_basis_ideal_cost_ratio": 1.23203125,
                "input_basis_rank": 249,
                "input_basis_rank_fraction": 0.97265625,
                "output_oracle_ideal_cost_ratio": 1.2122395833333333,
                "output_oracle_rank": 245,
                "output_oracle_rank_fraction": 0.95703125
              },
              "error_0p05": {
                "input_basis_ideal_cost_ratio": 0.9994791666666667,
                "input_basis_rank": 202,
                "input_basis_rank_fraction": 0.7890625,
                "output_oracle_ideal_cost_ratio": 0.8955729166666666,
                "output_oracle_rank": 181,
                "output_oracle_rank_fraction": 0.70703125
              },
              "error_0p1": {
                "input_basis_ideal_cost_ratio": 0.7125,
                "input_basis_rank": 144,
                "input_basis_rank_fraction": 0.5625,
                "output_oracle_ideal_cost_ratio": 0.59375,
                "output_oracle_rank": 120,
                "output_oracle_rank_fraction": 0.46875
              },
              "input_effective_rank": 4.27069616317749
            },
            {
              "error_0p01": {
                "input_basis_ideal_cost_ratio": 1.20234375,
                "input_basis_rank": 243,
                "input_basis_rank_fraction": 0.94921875,
                "output_oracle_ideal_cost_ratio": 1.1776041666666668,
                "output_oracle_rank": 238,
                "output_oracle_rank_fraction": 0.9296875
              },
              "error_0p05": {
                "input_basis_ideal_cost_ratio": 0.95,
                "input_basis_rank": 192,
                "input_basis_rank_fraction": 0.75,
                "output_oracle_ideal_cost_ratio": 0.8559895833333333,
                "output_oracle_rank": 173,
                "output_oracle_rank_fraction": 0.67578125
              },
              "error_0p1": {
                "input_basis_ideal_cost_ratio": 0.6778645833333333,
                "input_basis_rank": 137,
                "input_basis_rank_fraction": 0.53515625,
                "output_oracle_ideal_cost_ratio": 0.5690104166666666,
                "output_oracle_rank": 115,
                "output_oracle_rank_fraction": 0.44921875
              },
              "input_effective_rank": 4.868466377258301
            },
            {
              "error_0p01": {
                "input_basis_ideal_cost_ratio": 1.23203125,
                "input_basis_rank": 249,
                "input_basis_rank_fraction": 0.97265625,
                "output_oracle_ideal_cost_ratio": 1.2171875,
                "output_oracle_rank": 246,
                "output_oracle_rank_fraction": 0.9609375
              },
              "error_0p05": {
                "input_basis_ideal_cost_ratio": 0.9994791666666667,
                "input_basis_rank": 202,
                "input_basis_rank_fraction": 0.7890625,
                "output_oracle_ideal_cost_ratio": 0.90546875,
                "output_oracle_rank": 183,
                "output_oracle_rank_fraction": 0.71484375
              },
              "error_0p1": {
                "input_basis_ideal_cost_ratio": 0.7223958333333333,
                "input_basis_rank": 146,
                "input_basis_rank_fraction": 0.5703125,
                "output_oracle_ideal_cost_ratio": 0.6036458333333333,
                "output_oracle_rank": 122,
                "output_oracle_rank_fraction": 0.4765625
              },
              "input_effective_rank": 4.209514141082764
            },
            {
              "error_0p01": {
                "input_basis_ideal_cost_ratio": 1.2221354166666667,
                "input_basis_rank": 247,
                "input_basis_rank_fraction": 0.96484375,
                "output_oracle_ideal_cost_ratio": 1.20234375,
                "output_oracle_rank": 243,
                "output_oracle_rank_fraction": 0.94921875
              },
              "error_0p05": {
                "input_basis_ideal_cost_ratio": 0.99453125,
                "input_basis_rank": 201,
                "input_basis_rank_fraction": 0.78515625,
                "output_oracle_ideal_cost_ratio": 0.9005208333333333,
                "output_oracle_rank": 182,
                "output_oracle_rank_fraction": 0.7109375
              },
              "error_0p1": {
                "input_basis_ideal_cost_ratio": 0.7174479166666666,
                "input_basis_rank": 145,
                "input_basis_rank_fraction": 0.56640625,
                "output_oracle_ideal_cost_ratio": 0.5986979166666666,
                "output_oracle_rank": 121,
                "output_oracle_rank_fraction": 0.47265625
              },
              "input_effective_rank": 4.715580940246582
            },
            {
              "error_0p01": {
                "input_basis_ideal_cost_ratio": 1.1973958333333332,
                "input_basis_rank": 242,
                "input_basis_rank_fraction": 0.9453125,
                "output_oracle_ideal_cost_ratio": 1.1776041666666668,
                "output_oracle_rank": 238,
                "output_oracle_rank_fraction": 0.9296875
              },
              "error_0p05": {
                "input_basis_ideal_cost_ratio": 0.9747395833333333,
                "input_basis_rank": 197,
                "input_basis_rank_fraction": 0.76953125,
                "output_oracle_ideal_cost_ratio": 0.8807291666666667,
                "output_oracle_rank": 178,
                "output_oracle_rank_fraction": 0.6953125
              },
              "error_0p1": {
                "input_basis_ideal_cost_ratio": 0.69765625,
                "input_basis_rank": 141,
                "input_basis_rank_fraction": 0.55078125,
                "output_oracle_ideal_cost_ratio": 0.5838541666666667,
                "output_oracle_rank": 118,
                "output_oracle_rank_fraction": 0.4609375
              },
              "input_effective_rank": 4.833681106567383
            },
            {
              "error_0p01": {
                "input_basis_ideal_cost_ratio": 1.2270833333333333,
                "input_basis_rank": 248,
                "input_basis_rank_fraction": 0.96875,
                "output_oracle_ideal_cost_ratio": 1.2122395833333333,
                "output_oracle_rank": 245,
                "output_oracle_rank_fraction": 0.95703125
              },
              "error_0p05": {
                "input_basis_ideal_cost_ratio": 1.0192708333333333,
                "input_basis_rank": 206,
                "input_basis_rank_fraction": 0.8046875,
                "output_oracle_ideal_cost_ratio": 0.9203125,
                "output_oracle_rank": 186,
                "output_oracle_rank_fraction": 0.7265625
              },
              "error_0p1": {
                "input_basis_ideal_cost_ratio": 0.7372395833333334,
                "input_basis_rank": 149,
                "input_basis_rank_fraction": 0.58203125,
                "output_oracle_ideal_cost_ratio": 0.6184895833333334,
                "output_oracle_rank": 125,
                "output_oracle_rank_fraction": 0.48828125
              },
              "input_effective_rank": 4.8090386390686035
            },
            {
              "error_0p01": {
                "input_basis_ideal_cost_ratio": 1.2221354166666667,
                "input_basis_rank": 247,
                "input_basis_rank_fraction": 0.96484375,
                "output_oracle_ideal_cost_ratio": 1.20234375,
                "output_oracle_rank": 243,
                "output_oracle_rank_fraction": 0.94921875
              },
              "error_0p05": {
                "input_basis_ideal_cost_ratio": 0.9994791666666667,
                "input_basis_rank": 202,
                "input_basis_rank_fraction": 0.7890625,
                "output_oracle_ideal_cost_ratio": 0.90546875,
                "output_oracle_rank": 183,
                "output_oracle_rank_fraction": 0.71484375
              },
              "error_0p1": {
                "input_basis_ideal_cost_ratio": 0.72734375,
                "input_basis_rank": 147,
                "input_basis_rank_fraction": 0.57421875,
                "output_oracle_ideal_cost_ratio": 0.60859375,
                "output_oracle_rank": 123,
                "output_oracle_rank_fraction": 0.48046875
              },
              "input_effective_rank": 4.7612223625183105
            },
            {
              "error_0p01": {
                "input_basis_ideal_cost_ratio": 1.2270833333333333,
                "input_basis_rank": 248,
                "input_basis_rank_fraction": 0.96875,
                "output_oracle_ideal_cost_ratio": 1.2122395833333333,
                "output_oracle_rank": 245,
                "output_oracle_rank_fraction": 0.95703125
              },
              "error_0p05": {
                "input_basis_ideal_cost_ratio": 1.009375,
                "input_basis_rank": 204,
                "input_basis_rank_fraction": 0.796875,
                "output_oracle_ideal_cost_ratio": 0.9153645833333334,
                "output_oracle_rank": 185,
                "output_oracle_rank_fraction": 0.72265625
              },
              "error_0p1": {
                "input_basis_ideal_cost_ratio": 0.72734375,
                "input_basis_rank": 147,
                "input_basis_rank_fraction": 0.57421875,
                "output_oracle_ideal_cost_ratio": 0.6135416666666667,
                "output_oracle_rank": 124,
                "output_oracle_rank_fraction": 0.484375
              },
              "input_effective_rank": 5.359447479248047
            },
            {
              "error_0p01": {
                "input_basis_ideal_cost_ratio": 1.2072916666666667,
                "input_basis_rank": 244,
                "input_basis_rank_fraction": 0.953125,
                "output_oracle_ideal_cost_ratio": 1.1825520833333334,
                "output_oracle_rank": 239,
                "output_oracle_rank_fraction": 0.93359375
              },
              "error_0p05": {
                "input_basis_ideal_cost_ratio": 0.9005208333333333,
                "input_basis_rank": 182,
                "input_basis_rank_fraction": 0.7109375,
                "output_oracle_ideal_cost_ratio": 0.8015625,
                "output_oracle_rank": 162,
                "output_oracle_rank_fraction": 0.6328125
              },
              "error_0p1": {
                "input_basis_ideal_cost_ratio": 0.5986979166666666,
                "input_basis_rank": 121,
                "input_basis_rank_fraction": 0.47265625,
                "output_oracle_ideal_cost_ratio": 0.49973958333333335,
                "output_oracle_rank": 101,
                "output_oracle_rank_fraction": 0.39453125
              },
              "input_effective_rank": 4.17891263961792
            },
            {
              "error_0p01": {
                "input_basis_ideal_cost_ratio": 1.2221354166666667,
                "input_basis_rank": 247,
                "input_basis_rank_fraction": 0.96484375,
                "output_oracle_ideal_cost_ratio": 1.20234375,
                "output_oracle_rank": 243,
                "output_oracle_rank_fraction": 0.94921875
              },
              "error_0p05": {
                "input_basis_ideal_cost_ratio": 0.96484375,
                "input_basis_rank": 195,
                "input_basis_rank_fraction": 0.76171875,
                "output_oracle_ideal_cost_ratio": 0.8658854166666666,
                "output_oracle_rank": 175,
                "output_oracle_rank_fraction": 0.68359375
              },
              "error_0p1": {
                "input_basis_ideal_cost_ratio": 0.6729166666666666,
                "input_basis_rank": 136,
                "input_basis_rank_fraction": 0.53125,
                "output_oracle_ideal_cost_ratio": 0.5640625,
                "output_oracle_rank": 114,
                "output_oracle_rank_fraction": 0.4453125
              },
              "input_effective_rank": 4.818652153015137
            },
            {
              "error_0p01": {
                "input_basis_ideal_cost_ratio": 1.23203125,
                "input_basis_rank": 249,
                "input_basis_rank_fraction": 0.97265625,
                "output_oracle_ideal_cost_ratio": 1.2171875,
                "output_oracle_rank": 246,
                "output_oracle_rank_fraction": 0.9609375
              },
              "error_0p05": {
                "input_basis_ideal_cost_ratio": 1.0291666666666668,
                "input_basis_rank": 208,
                "input_basis_rank_fraction": 0.8125,
                "output_oracle_ideal_cost_ratio": 0.9302083333333333,
                "output_oracle_rank": 188,
                "output_oracle_rank_fraction": 0.734375
              },
              "error_0p1": {
                "input_basis_ideal_cost_ratio": 0.75703125,
                "input_basis_rank": 153,
                "input_basis_rank_fraction": 0.59765625,
                "output_oracle_ideal_cost_ratio": 0.63828125,
                "output_oracle_rank": 129,
                "output_oracle_rank_fraction": 0.50390625
              },
              "input_effective_rank": 5.124607563018799
            },
            {
              "error_0p01": {
                "input_basis_ideal_cost_ratio": 1.2221354166666667,
                "input_basis_rank": 247,
                "input_basis_rank_fraction": 0.96484375,
                "output_oracle_ideal_cost_ratio": 1.20234375,
                "output_oracle_rank": 243,
                "output_oracle_rank_fraction": 0.94921875
              },
              "error_0p05": {
                "input_basis_ideal_cost_ratio": 0.9598958333333334,
                "input_basis_rank": 194,
                "input_basis_rank_fraction": 0.7578125,
                "output_oracle_ideal_cost_ratio": 0.8658854166666666,
                "output_oracle_rank": 175,
                "output_oracle_rank_fraction": 0.68359375
              },
              "error_0p1": {
                "input_basis_ideal_cost_ratio": 0.6828125,
                "input_basis_rank": 138,
                "input_basis_rank_fraction": 0.5390625,
                "output_oracle_ideal_cost_ratio": 0.5739583333333333,
                "output_oracle_rank": 116,
                "output_oracle_rank_fraction": 0.453125
              },
              "input_effective_rank": 4.935942649841309
            },
            {
              "error_0p01": {
                "input_basis_ideal_cost_ratio": 1.23203125,
                "input_basis_rank": 249,
                "input_basis_rank_fraction": 0.97265625,
                "output_oracle_ideal_cost_ratio": 1.2072916666666667,
                "output_oracle_rank": 244,
                "output_oracle_rank_fraction": 0.953125
              },
              "error_0p05": {
                "input_basis_ideal_cost_ratio": 0.9895833333333334,
                "input_basis_rank": 200,
                "input_basis_rank_fraction": 0.78125,
                "output_oracle_ideal_cost_ratio": 0.890625,
                "output_oracle_rank": 180,
                "output_oracle_rank_fraction": 0.703125
              },
              "error_0p1": {
                "input_basis_ideal_cost_ratio": 0.7075520833333333,
                "input_basis_rank": 143,
                "input_basis_rank_fraction": 0.55859375,
                "output_oracle_ideal_cost_ratio": 0.59375,
                "output_oracle_rank": 120,
                "output_oracle_rank_fraction": 0.46875
              },
              "input_effective_rank": 4.826602458953857
            },
            {
              "error_0p01": {
                "input_basis_ideal_cost_ratio": 1.2369791666666667,
                "input_basis_rank": 250,
                "input_basis_rank_fraction": 0.9765625,
                "output_oracle_ideal_cost_ratio": 1.2221354166666667,
                "output_oracle_rank": 247,
                "output_oracle_rank_fraction": 0.96484375
              },
              "error_0p05": {
                "input_basis_ideal_cost_ratio": 1.0192708333333333,
                "input_basis_rank": 206,
                "input_basis_rank_fraction": 0.8046875,
                "output_oracle_ideal_cost_ratio": 0.9203125,
                "output_oracle_rank": 186,
                "output_oracle_rank_fraction": 0.7265625
              },
              "error_0p1": {
                "input_basis_ideal_cost_ratio": 0.7421875,
                "input_basis_rank": 150,
                "input_basis_rank_fraction": 0.5859375,
                "output_oracle_ideal_cost_ratio": 0.6234375,
                "output_oracle_rank": 126,
                "output_oracle_rank_fraction": 0.4921875
              },
              "input_effective_rank": 4.5537800788879395
            },
            {
              "error_0p01": {
                "input_basis_ideal_cost_ratio": 1.2171875,
                "input_basis_rank": 246,
                "input_basis_rank_fraction": 0.9609375,
                "output_oracle_ideal_cost_ratio": 1.1924479166666666,
                "output_oracle_rank": 241,
                "output_oracle_rank_fraction": 0.94140625
              },
              "error_0p05": {
                "input_basis_ideal_cost_ratio": 0.9401041666666666,
                "input_basis_rank": 190,
                "input_basis_rank_fraction": 0.7421875,
                "output_oracle_ideal_cost_ratio": 0.84609375,
                "output_oracle_rank": 171,
                "output_oracle_rank_fraction": 0.66796875
              },
              "error_0p1": {
                "input_basis_ideal_cost_ratio": 0.6580729166666667,
                "input_basis_rank": 133,
                "input_basis_rank_fraction": 0.51953125,
                "output_oracle_ideal_cost_ratio": 0.5541666666666667,
                "output_oracle_rank": 112,
                "output_oracle_rank_fraction": 0.4375
              },
              "input_effective_rank": 4.7924699783325195
            }
          ],
          "summary": {
            "all_cell_gates_pass": false,
            "error_0p01": {
              "input_basis_ideal_cost_ratio": {
                "max": 1.2369791666666667,
                "median": 1.2221354166666667,
                "min": 1.1973958333333332,
                "p90": 1.23203125
              },
              "input_basis_rank_fraction": {
                "max": 0.9765625,
                "median": 0.96484375,
                "min": 0.9453125,
                "p90": 0.97265625
              },
              "output_oracle_ideal_cost_ratio": {
                "max": 1.2221354166666667,
                "median": 1.20234375,
                "min": 1.1776041666666668,
                "p90": 1.2171875
              },
              "output_oracle_rank_fraction": {
                "max": 0.96484375,
                "median": 0.94921875,
                "min": 0.9296875,
                "p90": 0.9609375
              }
            },
            "error_0p05": {
              "input_basis_ideal_cost_ratio": {
                "max": 1.0291666666666668,
                "median": 0.9895833333333334,
                "min": 0.9005208333333333,
                "p90": 1.0192708333333333
              },
              "input_basis_rank_fraction": {
                "max": 0.8125,
                "median": 0.78125,
                "min": 0.7109375,
                "p90": 0.8046875
              },
              "output_oracle_ideal_cost_ratio": {
                "max": 0.9302083333333333,
                "median": 0.890625,
                "min": 0.8015625,
                "p90": 0.9203125
              },
              "output_oracle_rank_fraction": {
                "max": 0.734375,
                "median": 0.703125,
                "min": 0.6328125,
                "p90": 0.7265625
              }
            },
            "error_0p1": {
              "input_basis_ideal_cost_ratio": {
                "max": 0.75703125,
                "median": 0.7075520833333333,
                "min": 0.5986979166666666,
                "p90": 0.7397135416666667
              },
              "input_basis_rank_fraction": {
                "max": 0.59765625,
                "median": 0.55859375,
                "min": 0.47265625,
                "p90": 0.583984375
              },
              "output_oracle_ideal_cost_ratio": {
                "max": 0.63828125,
                "median": 0.59375,
                "min": 0.49973958333333335,
                "p90": 0.6209635416666667
              },
              "output_oracle_rank_fraction": {
                "max": 0.50390625,
                "median": 0.46875,
                "min": 0.39453125,
                "p90": 0.490234375
              }
            },
            "gates": {
              "input_basis_median_cost_at_most_0p5": false,
              "input_basis_p90_cost_at_most_0p5": false,
              "oracle_median_cost_at_most_0p5": false,
              "oracle_p90_cost_at_most_0p5": false
            },
            "input_effective_rank": {
              "max": 5.359447479248047,
              "median": 4.7924699783325195,
              "min": 4.17891263961792,
              "p90": 5.030275106430054
            }
          }
        },
        {
          "depth_fraction": 0.25,
          "kind": "ffn_up",
          "layer": 7,
          "sequence_count": 16,
          "sequences": [
            {
              "error_0p01": {
                "input_basis_ideal_cost_ratio": 1.2419270833333333,
                "input_basis_rank": 251,
                "input_basis_rank_fraction": 0.98046875,
                "output_oracle_ideal_cost_ratio": 1.2369791666666667,
                "output_oracle_rank": 250,
                "output_oracle_rank_fraction": 0.9765625
              },
              "error_0p05": {
                "input_basis_ideal_cost_ratio": 1.06875,
                "input_basis_rank": 216,
                "input_basis_rank_fraction": 0.84375,
                "output_oracle_ideal_cost_ratio": 1.0588541666666667,
                "output_oracle_rank": 214,
                "output_oracle_rank_fraction": 0.8359375
              },
              "error_0p1": {
                "input_basis_ideal_cost_ratio": 0.890625,
                "input_basis_rank": 180,
                "input_basis_rank_fraction": 0.703125,
                "output_oracle_ideal_cost_ratio": 0.87578125,
                "output_oracle_rank": 177,
                "output_oracle_rank_fraction": 0.69140625
              },
              "input_effective_rank": 15.3456392288208
            },
            {
              "error_0p01": {
                "input_basis_ideal_cost_ratio": 1.246875,
                "input_basis_rank": 252,
                "input_basis_rank_fraction": 0.984375,
                "output_oracle_ideal_cost_ratio": 1.246875,
                "output_oracle_rank": 252,
                "output_oracle_rank_fraction": 0.984375
              },
              "error_0p05": {
                "input_basis_ideal_cost_ratio": 1.11328125,
                "input_basis_rank": 225,
                "input_basis_rank_fraction": 0.87890625,
                "output_oracle_ideal_cost_ratio": 1.1033854166666668,
                "output_oracle_rank": 223,
                "output_oracle_rank_fraction": 0.87109375
              },
              "error_0p1": {
                "input_basis_ideal_cost_ratio": 0.9549479166666667,
                "input_basis_rank": 193,
                "input_basis_rank_fraction": 0.75390625,
                "output_oracle_ideal_cost_ratio": 0.93515625,
                "output_oracle_rank": 189,
                "output_oracle_rank_fraction": 0.73828125
              },
              "input_effective_rank": 18.088232040405273
            },
            {
              "error_0p01": {
                "input_basis_ideal_cost_ratio": 1.23203125,
                "input_basis_rank": 249,
                "input_basis_rank_fraction": 0.97265625,
                "output_oracle_ideal_cost_ratio": 1.2270833333333333,
                "output_oracle_rank": 248,
                "output_oracle_rank_fraction": 0.96875
              },
              "error_0p05": {
                "input_basis_ideal_cost_ratio": 1.06875,
                "input_basis_rank": 216,
                "input_basis_rank_fraction": 0.84375,
                "output_oracle_ideal_cost_ratio": 1.0588541666666667,
                "output_oracle_rank": 214,
                "output_oracle_rank_fraction": 0.8359375
              },
              "error_0p1": {
                "input_basis_ideal_cost_ratio": 0.9005208333333333,
                "input_basis_rank": 182,
                "input_basis_rank_fraction": 0.7109375,
                "output_oracle_ideal_cost_ratio": 0.8856770833333334,
                "output_oracle_rank": 179,
                "output_oracle_rank_fraction": 0.69921875
              },
              "input_effective_rank": 19.557077407836914
            },
            {
              "error_0p01": {
                "input_basis_ideal_cost_ratio": 1.2567708333333334,
                "input_basis_rank": 254,
                "input_basis_rank_fraction": 0.9921875,
                "output_oracle_ideal_cost_ratio": 1.2518229166666668,
                "output_oracle_rank": 253,
                "output_oracle_rank_fraction": 0.98828125
              },
              "error_0p05": {
                "input_basis_ideal_cost_ratio": 1.1479166666666667,
                "input_basis_rank": 232,
                "input_basis_rank_fraction": 0.90625,
                "output_oracle_ideal_cost_ratio": 1.14296875,
                "output_oracle_rank": 231,
                "output_oracle_rank_fraction": 0.90234375
              },
              "error_0p1": {
                "input_basis_ideal_cost_ratio": 0.9994791666666667,
                "input_basis_rank": 202,
                "input_basis_rank_fraction": 0.7890625,
                "output_oracle_ideal_cost_ratio": 0.9846354166666667,
                "output_oracle_rank": 199,
                "output_oracle_rank_fraction": 0.77734375
              },
              "input_effective_rank": 16.61138153076172
            },
            {
              "error_0p01": {
                "input_basis_ideal_cost_ratio": 1.2518229166666668,
                "input_basis_rank": 253,
                "input_basis_rank_fraction": 0.98828125,
                "output_oracle_ideal_cost_ratio": 1.2518229166666668,
                "output_oracle_rank": 253,
                "output_oracle_rank_fraction": 0.98828125
              },
              "error_0p05": {
                "input_basis_ideal_cost_ratio": 1.128125,
                "input_basis_rank": 228,
                "input_basis_rank_fraction": 0.890625,
                "output_oracle_ideal_cost_ratio": 1.1182291666666666,
                "output_oracle_rank": 226,
                "output_oracle_rank_fraction": 0.8828125
              },
              "error_0p1": {
                "input_basis_ideal_cost_ratio": 0.9796875,
                "input_basis_rank": 198,
                "input_basis_rank_fraction": 0.7734375,
                "output_oracle_ideal_cost_ratio": 0.9697916666666666,
                "output_oracle_rank": 196,
                "output_oracle_rank_fraction": 0.765625
              },
              "input_effective_rank": 22.042207717895508
            },
            {
              "error_0p01": {
                "input_basis_ideal_cost_ratio": 1.2369791666666667,
                "input_basis_rank": 250,
                "input_basis_rank_fraction": 0.9765625,
                "output_oracle_ideal_cost_ratio": 1.23203125,
                "output_oracle_rank": 249,
                "output_oracle_rank_fraction": 0.97265625
              },
              "error_0p05": {
                "input_basis_ideal_cost_ratio": 1.0984375,
                "input_basis_rank": 222,
                "input_basis_rank_fraction": 0.8671875,
                "output_oracle_ideal_cost_ratio": 1.0885416666666667,
                "output_oracle_rank": 220,
                "output_oracle_rank_fraction": 0.859375
              },
              "error_0p1": {
                "input_basis_ideal_cost_ratio": 0.9549479166666667,
                "input_basis_rank": 193,
                "input_basis_rank_fraction": 0.75390625,
                "output_oracle_ideal_cost_ratio": 0.9401041666666666,
                "output_oracle_rank": 190,
                "output_oracle_rank_fraction": 0.7421875
              },
              "input_effective_rank": 23.114866256713867
            },
            {
              "error_0p01": {
                "input_basis_ideal_cost_ratio": 1.2419270833333333,
                "input_basis_rank": 251,
                "input_basis_rank_fraction": 0.98046875,
                "output_oracle_ideal_cost_ratio": 1.2419270833333333,
                "output_oracle_rank": 251,
                "output_oracle_rank_fraction": 0.98046875
              },
              "error_0p05": {
                "input_basis_ideal_cost_ratio": 1.11328125,
                "input_basis_rank": 225,
                "input_basis_rank_fraction": 0.87890625,
                "output_oracle_ideal_cost_ratio": 1.1033854166666668,
                "output_oracle_rank": 223,
                "output_oracle_rank_fraction": 0.87109375
              },
              "error_0p1": {
                "input_basis_ideal_cost_ratio": 0.9598958333333334,
                "input_basis_rank": 194,
                "input_basis_rank_fraction": 0.7578125,
                "output_oracle_ideal_cost_ratio": 0.9450520833333333,
                "output_oracle_rank": 191,
                "output_oracle_rank_fraction": 0.74609375
              },
              "input_effective_rank": 19.97747230529785
            },
            {
              "error_0p01": {
                "input_basis_ideal_cost_ratio": 1.2419270833333333,
                "input_basis_rank": 251,
                "input_basis_rank_fraction": 0.98046875,
                "output_oracle_ideal_cost_ratio": 1.2369791666666667,
                "output_oracle_rank": 250,
                "output_oracle_rank_fraction": 0.9765625
              },
              "error_0p05": {
                "input_basis_ideal_cost_ratio": 1.0786458333333333,
                "input_basis_rank": 218,
                "input_basis_rank_fraction": 0.8515625,
                "output_oracle_ideal_cost_ratio": 1.06875,
                "output_oracle_rank": 216,
                "output_oracle_rank_fraction": 0.84375
              },
              "error_0p1": {
                "input_basis_ideal_cost_ratio": 0.9153645833333334,
                "input_basis_rank": 185,
                "input_basis_rank_fraction": 0.72265625,
                "output_oracle_ideal_cost_ratio": 0.90546875,
                "output_oracle_rank": 183,
                "output_oracle_rank_fraction": 0.71484375
              },
              "input_effective_rank": 22.026113510131836
            },
            {
              "error_0p01": {
                "input_basis_ideal_cost_ratio": 1.2518229166666668,
                "input_basis_rank": 253,
                "input_basis_rank_fraction": 0.98828125,
                "output_oracle_ideal_cost_ratio": 1.246875,
                "output_oracle_rank": 252,
                "output_oracle_rank_fraction": 0.984375
              },
              "error_0p05": {
                "input_basis_ideal_cost_ratio": 1.1380208333333333,
                "input_basis_rank": 230,
                "input_basis_rank_fraction": 0.8984375,
                "output_oracle_ideal_cost_ratio": 1.128125,
                "output_oracle_rank": 228,
                "output_oracle_rank_fraction": 0.890625
              },
              "error_0p1": {
                "input_basis_ideal_cost_ratio": 0.99453125,
                "input_basis_rank": 201,
                "input_basis_rank_fraction": 0.78515625,
                "output_oracle_ideal_cost_ratio": 0.9796875,
                "output_oracle_rank": 198,
                "output_oracle_rank_fraction": 0.7734375
              },
              "input_effective_rank": 25.69691276550293
            },
            {
              "error_0p01": {
                "input_basis_ideal_cost_ratio": 1.2270833333333333,
                "input_basis_rank": 248,
                "input_basis_rank_fraction": 0.96875,
                "output_oracle_ideal_cost_ratio": 1.2221354166666667,
                "output_oracle_rank": 247,
                "output_oracle_rank_fraction": 0.96484375
              },
              "error_0p05": {
                "input_basis_ideal_cost_ratio": 1.0192708333333333,
                "input_basis_rank": 206,
                "input_basis_rank_fraction": 0.8046875,
                "output_oracle_ideal_cost_ratio": 1.009375,
                "output_oracle_rank": 204,
                "output_oracle_rank_fraction": 0.796875
              },
              "error_0p1": {
                "input_basis_ideal_cost_ratio": 0.8263020833333333,
                "input_basis_rank": 167,
                "input_basis_rank_fraction": 0.65234375,
                "output_oracle_ideal_cost_ratio": 0.8114583333333334,
                "output_oracle_rank": 164,
                "output_oracle_rank_fraction": 0.640625
              },
              "input_effective_rank": 14.199444770812988
            },
            {
              "error_0p01": {
                "input_basis_ideal_cost_ratio": 1.246875,
                "input_basis_rank": 252,
                "input_basis_rank_fraction": 0.984375,
                "output_oracle_ideal_cost_ratio": 1.2419270833333333,
                "output_oracle_rank": 251,
                "output_oracle_rank_fraction": 0.98046875
              },
              "error_0p05": {
                "input_basis_ideal_cost_ratio": 1.0984375,
                "input_basis_rank": 222,
                "input_basis_rank_fraction": 0.8671875,
                "output_oracle_ideal_cost_ratio": 1.0885416666666667,
                "output_oracle_rank": 220,
                "output_oracle_rank_fraction": 0.859375
              },
              "error_0p1": {
                "input_basis_ideal_cost_ratio": 0.93515625,
                "input_basis_rank": 189,
                "input_basis_rank_fraction": 0.73828125,
                "output_oracle_ideal_cost_ratio": 0.9203125,
                "output_oracle_rank": 186,
                "output_oracle_rank_fraction": 0.7265625
              },
              "input_effective_rank": 21.572912216186523
            },
            {
              "error_0p01": {
                "input_basis_ideal_cost_ratio": 1.246875,
                "input_basis_rank": 252,
                "input_basis_rank_fraction": 0.984375,
                "output_oracle_ideal_cost_ratio": 1.246875,
                "output_oracle_rank": 252,
                "output_oracle_rank_fraction": 0.984375
              },
              "error_0p05": {
                "input_basis_ideal_cost_ratio": 1.1380208333333333,
                "input_basis_rank": 230,
                "input_basis_rank_fraction": 0.8984375,
                "output_oracle_ideal_cost_ratio": 1.128125,
                "output_oracle_rank": 228,
                "output_oracle_rank_fraction": 0.890625
              },
              "error_0p1": {
                "input_basis_ideal_cost_ratio": 0.99453125,
                "input_basis_rank": 201,
                "input_basis_rank_fraction": 0.78515625,
                "output_oracle_ideal_cost_ratio": 0.9796875,
                "output_oracle_rank": 198,
                "output_oracle_rank_fraction": 0.7734375
              },
              "input_effective_rank": 22.31073760986328
            },
            {
              "error_0p01": {
                "input_basis_ideal_cost_ratio": 1.246875,
                "input_basis_rank": 252,
                "input_basis_rank_fraction": 0.984375,
                "output_oracle_ideal_cost_ratio": 1.246875,
                "output_oracle_rank": 252,
                "output_oracle_rank_fraction": 0.984375
              },
              "error_0p05": {
                "input_basis_ideal_cost_ratio": 1.08359375,
                "input_basis_rank": 219,
                "input_basis_rank_fraction": 0.85546875,
                "output_oracle_ideal_cost_ratio": 1.0736979166666667,
                "output_oracle_rank": 217,
                "output_oracle_rank_fraction": 0.84765625
              },
              "error_0p1": {
                "input_basis_ideal_cost_ratio": 0.9005208333333333,
                "input_basis_rank": 182,
                "input_basis_rank_fraction": 0.7109375,
                "output_oracle_ideal_cost_ratio": 0.8856770833333334,
                "output_oracle_rank": 179,
                "output_oracle_rank_fraction": 0.69921875
              },
              "input_effective_rank": 19.04010009765625
            },
            {
              "error_0p01": {
                "input_basis_ideal_cost_ratio": 1.2369791666666667,
                "input_basis_rank": 250,
                "input_basis_rank_fraction": 0.9765625,
                "output_oracle_ideal_cost_ratio": 1.2369791666666667,
                "output_oracle_rank": 250,
                "output_oracle_rank_fraction": 0.9765625
              },
              "error_0p05": {
                "input_basis_ideal_cost_ratio": 1.0736979166666667,
                "input_basis_rank": 217,
                "input_basis_rank_fraction": 0.84765625,
                "output_oracle_ideal_cost_ratio": 1.0638020833333333,
                "output_oracle_rank": 215,
                "output_oracle_rank_fraction": 0.83984375
              },
              "error_0p1": {
                "input_basis_ideal_cost_ratio": 0.90546875,
                "input_basis_rank": 183,
                "input_basis_rank_fraction": 0.71484375,
                "output_oracle_ideal_cost_ratio": 0.890625,
                "output_oracle_rank": 180,
                "output_oracle_rank_fraction": 0.703125
              },
              "input_effective_rank": 19.09756851196289
            },
            {
              "error_0p01": {
                "input_basis_ideal_cost_ratio": 1.246875,
                "input_basis_rank": 252,
                "input_basis_rank_fraction": 0.984375,
                "output_oracle_ideal_cost_ratio": 1.2419270833333333,
                "output_oracle_rank": 251,
                "output_oracle_rank_fraction": 0.98046875
              },
              "error_0p05": {
                "input_basis_ideal_cost_ratio": 1.11328125,
                "input_basis_rank": 225,
                "input_basis_rank_fraction": 0.87890625,
                "output_oracle_ideal_cost_ratio": 1.1033854166666668,
                "output_oracle_rank": 223,
                "output_oracle_rank_fraction": 0.87109375
              },
              "error_0p1": {
                "input_basis_ideal_cost_ratio": 0.9549479166666667,
                "input_basis_rank": 193,
                "input_basis_rank_fraction": 0.75390625,
                "output_oracle_ideal_cost_ratio": 0.9450520833333333,
                "output_oracle_rank": 191,
                "output_oracle_rank_fraction": 0.74609375
              },
              "input_effective_rank": 16.561582565307617
            },
            {
              "error_0p01": {
                "input_basis_ideal_cost_ratio": 1.2369791666666667,
                "input_basis_rank": 250,
                "input_basis_rank_fraction": 0.9765625,
                "output_oracle_ideal_cost_ratio": 1.23203125,
                "output_oracle_rank": 249,
                "output_oracle_rank_fraction": 0.97265625
              },
              "error_0p05": {
                "input_basis_ideal_cost_ratio": 1.0390625,
                "input_basis_rank": 210,
                "input_basis_rank_fraction": 0.8203125,
                "output_oracle_ideal_cost_ratio": 1.0291666666666668,
                "output_oracle_rank": 208,
                "output_oracle_rank_fraction": 0.8125
              },
              "error_0p1": {
                "input_basis_ideal_cost_ratio": 0.8510416666666667,
                "input_basis_rank": 172,
                "input_basis_rank_fraction": 0.671875,
                "output_oracle_ideal_cost_ratio": 0.8361979166666667,
                "output_oracle_rank": 169,
                "output_oracle_rank_fraction": 0.66015625
              },
              "input_effective_rank": 18.129854202270508
            }
          ],
          "summary": {
            "all_cell_gates_pass": false,
            "error_0p01": {
              "input_basis_ideal_cost_ratio": {
                "max": 1.2567708333333334,
                "median": 1.2419270833333333,
                "min": 1.2270833333333333,
                "p90": 1.2518229166666668
              },
              "input_basis_rank_fraction": {
                "max": 0.9921875,
                "median": 0.98046875,
                "min": 0.96875,
                "p90": 0.98828125
              },
              "output_oracle_ideal_cost_ratio": {
                "max": 1.2518229166666668,
                "median": 1.2419270833333333,
                "min": 1.2221354166666667,
                "p90": 1.2493489583333335
              },
              "output_oracle_rank_fraction": {
                "max": 0.98828125,
                "median": 0.98046875,
                "min": 0.96484375,
                "p90": 0.986328125
              }
            },
            "error_0p05": {
              "input_basis_ideal_cost_ratio": {
                "max": 1.1479166666666667,
                "median": 1.0984375,
                "min": 1.0192708333333333,
                "p90": 1.1380208333333333
              },
              "input_basis_rank_fraction": {
                "max": 0.90625,
                "median": 0.8671875,
                "min": 0.8046875,
                "p90": 0.8984375
              },
              "output_oracle_ideal_cost_ratio": {
                "max": 1.14296875,
                "median": 1.0885416666666667,
                "min": 1.009375,
                "p90": 1.128125
              },
              "output_oracle_rank_fraction": {
                "max": 0.90234375,
                "median": 0.859375,
                "min": 0.796875,
                "p90": 0.890625
              }
            },
            "error_0p1": {
              "input_basis_ideal_cost_ratio": {
                "max": 0.9994791666666667,
                "median": 0.93515625,
                "min": 0.8263020833333333,
                "p90": 0.99453125
              },
              "input_basis_rank_fraction": {
                "max": 0.7890625,
                "median": 0.73828125,
                "min": 0.65234375,
                "p90": 0.78515625
              },
              "output_oracle_ideal_cost_ratio": {
                "max": 0.9846354166666667,
                "median": 0.9203125,
                "min": 0.8114583333333334,
                "p90": 0.9796875
              },
              "output_oracle_rank_fraction": {
                "max": 0.77734375,
                "median": 0.7265625,
                "min": 0.640625,
                "p90": 0.7734375
              }
            },
            "gates": {
              "input_basis_median_cost_at_most_0p5": false,
              "input_basis_p90_cost_at_most_0p5": false,
              "oracle_median_cost_at_most_0p5": false,
              "oracle_p90_cost_at_most_0p5": false
            },
            "input_effective_rank": {
              "max": 25.69691276550293,
              "median": 19.09756851196289,
              "min": 14.199444770812988,
              "p90": 22.712801933288574
            }
          }
        },
        {
          "depth_fraction": 0.5,
          "kind": "ffn_up",
          "layer": 15,
          "sequence_count": 16,
          "sequences": [
            {
              "error_0p01": {
                "input_basis_ideal_cost_ratio": 1.2369791666666667,
                "input_basis_rank": 250,
                "input_basis_rank_fraction": 0.9765625,
                "output_oracle_ideal_cost_ratio": 1.23203125,
                "output_oracle_rank": 249,
                "output_oracle_rank_fraction": 0.97265625
              },
              "error_0p05": {
                "input_basis_ideal_cost_ratio": 1.05390625,
                "input_basis_rank": 213,
                "input_basis_rank_fraction": 0.83203125,
                "output_oracle_ideal_cost_ratio": 1.0390625,
                "output_oracle_rank": 210,
                "output_oracle_rank_fraction": 0.8203125
              },
              "error_0p1": {
                "input_basis_ideal_cost_ratio": 0.8411458333333334,
                "input_basis_rank": 170,
                "input_basis_rank_fraction": 0.6640625,
                "output_oracle_ideal_cost_ratio": 0.81640625,
                "output_oracle_rank": 165,
                "output_oracle_rank_fraction": 0.64453125
              },
              "input_effective_rank": 9.868135452270508
            },
            {
              "error_0p01": {
                "input_basis_ideal_cost_ratio": 1.246875,
                "input_basis_rank": 252,
                "input_basis_rank_fraction": 0.984375,
                "output_oracle_ideal_cost_ratio": 1.2419270833333333,
                "output_oracle_rank": 251,
                "output_oracle_rank_fraction": 0.98046875
              },
              "error_0p05": {
                "input_basis_ideal_cost_ratio": 1.11328125,
                "input_basis_rank": 225,
                "input_basis_rank_fraction": 0.87890625,
                "output_oracle_ideal_cost_ratio": 1.0984375,
                "output_oracle_rank": 222,
                "output_oracle_rank_fraction": 0.8671875
              },
              "error_0p1": {
                "input_basis_ideal_cost_ratio": 0.9252604166666667,
                "input_basis_rank": 187,
                "input_basis_rank_fraction": 0.73046875,
                "output_oracle_ideal_cost_ratio": 0.9005208333333333,
                "output_oracle_rank": 182,
                "output_oracle_rank_fraction": 0.7109375
              },
              "input_effective_rank": 10.604509353637695
            },
            {
              "error_0p01": {
                "input_basis_ideal_cost_ratio": 1.2221354166666667,
                "input_basis_rank": 247,
                "input_basis_rank_fraction": 0.96484375,
                "output_oracle_ideal_cost_ratio": 1.2171875,
                "output_oracle_rank": 246,
                "output_oracle_rank_fraction": 0.9609375
              },
              "error_0p05": {
                "input_basis_ideal_cost_ratio": 1.06875,
                "input_basis_rank": 216,
                "input_basis_rank_fraction": 0.84375,
                "output_oracle_ideal_cost_ratio": 1.05390625,
                "output_oracle_rank": 213,
                "output_oracle_rank_fraction": 0.83203125
              },
              "error_0p1": {
                "input_basis_ideal_cost_ratio": 0.8807291666666667,
                "input_basis_rank": 178,
                "input_basis_rank_fraction": 0.6953125,
                "output_oracle_ideal_cost_ratio": 0.8609375,
                "output_oracle_rank": 174,
                "output_oracle_rank_fraction": 0.6796875
              },
              "input_effective_rank": 12.292616844177246
            },
            {
              "error_0p01": {
                "input_basis_ideal_cost_ratio": 1.246875,
                "input_basis_rank": 252,
                "input_basis_rank_fraction": 0.984375,
                "output_oracle_ideal_cost_ratio": 1.246875,
                "output_oracle_rank": 252,
                "output_oracle_rank_fraction": 0.984375
              },
              "error_0p05": {
                "input_basis_ideal_cost_ratio": 1.128125,
                "input_basis_rank": 228,
                "input_basis_rank_fraction": 0.890625,
                "output_oracle_ideal_cost_ratio": 1.1182291666666666,
                "output_oracle_rank": 226,
                "output_oracle_rank_fraction": 0.8828125
              },
              "error_0p1": {
                "input_basis_ideal_cost_ratio": 0.95,
                "input_basis_rank": 192,
                "input_basis_rank_fraction": 0.75,
                "output_oracle_ideal_cost_ratio": 0.9252604166666667,
                "output_oracle_rank": 187,
                "output_oracle_rank_fraction": 0.73046875
              },
              "input_effective_rank": 10.598198890686035
            },
            {
              "error_0p01": {
                "input_basis_ideal_cost_ratio": 1.2419270833333333,
                "input_basis_rank": 251,
                "input_basis_rank_fraction": 0.98046875,
                "output_oracle_ideal_cost_ratio": 1.2369791666666667,
                "output_oracle_rank": 250,
                "output_oracle_rank_fraction": 0.9765625
              },
              "error_0p05": {
                "input_basis_ideal_cost_ratio": 1.1182291666666666,
                "input_basis_rank": 226,
                "input_basis_rank_fraction": 0.8828125,
                "output_oracle_ideal_cost_ratio": 1.1033854166666668,
                "output_oracle_rank": 223,
                "output_oracle_rank_fraction": 0.87109375
              },
              "error_0p1": {
                "input_basis_ideal_cost_ratio": 0.9450520833333333,
                "input_basis_rank": 191,
                "input_basis_rank_fraction": 0.74609375,
                "output_oracle_ideal_cost_ratio": 0.9153645833333334,
                "output_oracle_rank": 185,
                "output_oracle_rank_fraction": 0.72265625
              },
              "input_effective_rank": 11.710627555847168
            },
            {
              "error_0p01": {
                "input_basis_ideal_cost_ratio": 1.2171875,
                "input_basis_rank": 246,
                "input_basis_rank_fraction": 0.9609375,
                "output_oracle_ideal_cost_ratio": 1.2171875,
                "output_oracle_rank": 246,
                "output_oracle_rank_fraction": 0.9609375
              },
              "error_0p05": {
                "input_basis_ideal_cost_ratio": 1.0885416666666667,
                "input_basis_rank": 220,
                "input_basis_rank_fraction": 0.859375,
                "output_oracle_ideal_cost_ratio": 1.0786458333333333,
                "output_oracle_rank": 218,
                "output_oracle_rank_fraction": 0.8515625
              },
              "error_0p1": {
                "input_basis_ideal_cost_ratio": 0.9153645833333334,
                "input_basis_rank": 185,
                "input_basis_rank_fraction": 0.72265625,
                "output_oracle_ideal_cost_ratio": 0.890625,
                "output_oracle_rank": 180,
                "output_oracle_rank_fraction": 0.703125
              },
              "input_effective_rank": 11.953227043151855
            },
            {
              "error_0p01": {
                "input_basis_ideal_cost_ratio": 1.246875,
                "input_basis_rank": 252,
                "input_basis_rank_fraction": 0.984375,
                "output_oracle_ideal_cost_ratio": 1.246875,
                "output_oracle_rank": 252,
                "output_oracle_rank_fraction": 0.984375
              },
              "error_0p05": {
                "input_basis_ideal_cost_ratio": 1.1182291666666666,
                "input_basis_rank": 226,
                "input_basis_rank_fraction": 0.8828125,
                "output_oracle_ideal_cost_ratio": 1.1083333333333334,
                "output_oracle_rank": 224,
                "output_oracle_rank_fraction": 0.875
              },
              "error_0p1": {
                "input_basis_ideal_cost_ratio": 0.9401041666666666,
                "input_basis_rank": 190,
                "input_basis_rank_fraction": 0.7421875,
                "output_oracle_ideal_cost_ratio": 0.9104166666666667,
                "output_oracle_rank": 184,
                "output_oracle_rank_fraction": 0.71875
              },
              "input_effective_rank": 11.189858436584473
            },
            {
              "error_0p01": {
                "input_basis_ideal_cost_ratio": 1.23203125,
                "input_basis_rank": 249,
                "input_basis_rank_fraction": 0.97265625,
                "output_oracle_ideal_cost_ratio": 1.23203125,
                "output_oracle_rank": 249,
                "output_oracle_rank_fraction": 0.97265625
              },
              "error_0p05": {
                "input_basis_ideal_cost_ratio": 1.0934895833333333,
                "input_basis_rank": 221,
                "input_basis_rank_fraction": 0.86328125,
                "output_oracle_ideal_cost_ratio": 1.0786458333333333,
                "output_oracle_rank": 218,
                "output_oracle_rank_fraction": 0.8515625
              },
              "error_0p1": {
                "input_basis_ideal_cost_ratio": 0.90546875,
                "input_basis_rank": 183,
                "input_basis_rank_fraction": 0.71484375,
                "output_oracle_ideal_cost_ratio": 0.8856770833333334,
                "output_oracle_rank": 179,
                "output_oracle_rank_fraction": 0.69921875
              },
              "input_effective_rank": 10.824447631835938
            },
            {
              "error_0p01": {
                "input_basis_ideal_cost_ratio": 1.2369791666666667,
                "input_basis_rank": 250,
                "input_basis_rank_fraction": 0.9765625,
                "output_oracle_ideal_cost_ratio": 1.2369791666666667,
                "output_oracle_rank": 250,
                "output_oracle_rank_fraction": 0.9765625
              },
              "error_0p05": {
                "input_basis_ideal_cost_ratio": 1.11328125,
                "input_basis_rank": 225,
                "input_basis_rank_fraction": 0.87890625,
                "output_oracle_ideal_cost_ratio": 1.0984375,
                "output_oracle_rank": 222,
                "output_oracle_rank_fraction": 0.8671875
              },
              "error_0p1": {
                "input_basis_ideal_cost_ratio": 0.9302083333333333,
                "input_basis_rank": 188,
                "input_basis_rank_fraction": 0.734375,
                "output_oracle_ideal_cost_ratio": 0.90546875,
                "output_oracle_rank": 183,
                "output_oracle_rank_fraction": 0.71484375
              },
              "input_effective_rank": 13.468513488769531
            },
            {
              "error_0p01": {
                "input_basis_ideal_cost_ratio": 1.2270833333333333,
                "input_basis_rank": 248,
                "input_basis_rank_fraction": 0.96875,
                "output_oracle_ideal_cost_ratio": 1.2221354166666667,
                "output_oracle_rank": 247,
                "output_oracle_rank_fraction": 0.96484375
              },
              "error_0p05": {
                "input_basis_ideal_cost_ratio": 1.009375,
                "input_basis_rank": 204,
                "input_basis_rank_fraction": 0.796875,
                "output_oracle_ideal_cost_ratio": 0.9895833333333334,
                "output_oracle_rank": 200,
                "output_oracle_rank_fraction": 0.78125
              },
              "error_0p1": {
                "input_basis_ideal_cost_ratio": 0.7817708333333333,
                "input_basis_rank": 158,
                "input_basis_rank_fraction": 0.6171875,
                "output_oracle_ideal_cost_ratio": 0.75703125,
                "output_oracle_rank": 153,
                "output_oracle_rank_fraction": 0.59765625
              },
              "input_effective_rank": 8.028414726257324
            },
            {
              "error_0p01": {
                "input_basis_ideal_cost_ratio": 1.2369791666666667,
                "input_basis_rank": 250,
                "input_basis_rank_fraction": 0.9765625,
                "output_oracle_ideal_cost_ratio": 1.2369791666666667,
                "output_oracle_rank": 250,
                "output_oracle_rank_fraction": 0.9765625
              },
              "error_0p05": {
                "input_basis_ideal_cost_ratio": 1.0885416666666667,
                "input_basis_rank": 220,
                "input_basis_rank_fraction": 0.859375,
                "output_oracle_ideal_cost_ratio": 1.0736979166666667,
                "output_oracle_rank": 217,
                "output_oracle_rank_fraction": 0.84765625
              },
              "error_0p1": {
                "input_basis_ideal_cost_ratio": 0.890625,
                "input_basis_rank": 180,
                "input_basis_rank_fraction": 0.703125,
                "output_oracle_ideal_cost_ratio": 0.8658854166666666,
                "output_oracle_rank": 175,
                "output_oracle_rank_fraction": 0.68359375
              },
              "input_effective_rank": 11.095623970031738
            },
            {
              "error_0p01": {
                "input_basis_ideal_cost_ratio": 1.2518229166666668,
                "input_basis_rank": 253,
                "input_basis_rank_fraction": 0.98828125,
                "output_oracle_ideal_cost_ratio": 1.246875,
                "output_oracle_rank": 252,
                "output_oracle_rank_fraction": 0.984375
              },
              "error_0p05": {
                "input_basis_ideal_cost_ratio": 1.128125,
                "input_basis_rank": 228,
                "input_basis_rank_fraction": 0.890625,
                "output_oracle_ideal_cost_ratio": 1.11328125,
                "output_oracle_rank": 225,
                "output_oracle_rank_fraction": 0.87890625
              },
              "error_0p1": {
                "input_basis_ideal_cost_ratio": 0.9450520833333333,
                "input_basis_rank": 191,
                "input_basis_rank_fraction": 0.74609375,
                "output_oracle_ideal_cost_ratio": 0.9203125,
                "output_oracle_rank": 186,
                "output_oracle_rank_fraction": 0.7265625
              },
              "input_effective_rank": 11.620318412780762
            },
            {
              "error_0p01": {
                "input_basis_ideal_cost_ratio": 1.2419270833333333,
                "input_basis_rank": 251,
                "input_basis_rank_fraction": 0.98046875,
                "output_oracle_ideal_cost_ratio": 1.2419270833333333,
                "output_oracle_rank": 251,
                "output_oracle_rank_fraction": 0.98046875
              },
              "error_0p05": {
                "input_basis_ideal_cost_ratio": 1.0736979166666667,
                "input_basis_rank": 217,
                "input_basis_rank_fraction": 0.84765625,
                "output_oracle_ideal_cost_ratio": 1.0588541666666667,
                "output_oracle_rank": 214,
                "output_oracle_rank_fraction": 0.8359375
              },
              "error_0p1": {
                "input_basis_ideal_cost_ratio": 0.87578125,
                "input_basis_rank": 177,
                "input_basis_rank_fraction": 0.69140625,
                "output_oracle_ideal_cost_ratio": 0.8510416666666667,
                "output_oracle_rank": 172,
                "output_oracle_rank_fraction": 0.671875
              },
              "input_effective_rank": 10.56298828125
            },
            {
              "error_0p01": {
                "input_basis_ideal_cost_ratio": 1.246875,
                "input_basis_rank": 252,
                "input_basis_rank_fraction": 0.984375,
                "output_oracle_ideal_cost_ratio": 1.2419270833333333,
                "output_oracle_rank": 251,
                "output_oracle_rank_fraction": 0.98046875
              },
              "error_0p05": {
                "input_basis_ideal_cost_ratio": 1.0885416666666667,
                "input_basis_rank": 220,
                "input_basis_rank_fraction": 0.859375,
                "output_oracle_ideal_cost_ratio": 1.0736979166666667,
                "output_oracle_rank": 217,
                "output_oracle_rank_fraction": 0.84765625
              },
              "error_0p1": {
                "input_basis_ideal_cost_ratio": 0.890625,
                "input_basis_rank": 180,
                "input_basis_rank_fraction": 0.703125,
                "output_oracle_ideal_cost_ratio": 0.8658854166666666,
                "output_oracle_rank": 175,
                "output_oracle_rank_fraction": 0.68359375
              },
              "input_effective_rank": 10.018461227416992
            },
            {
              "error_0p01": {
                "input_basis_ideal_cost_ratio": 1.2518229166666668,
                "input_basis_rank": 253,
                "input_basis_rank_fraction": 0.98828125,
                "output_oracle_ideal_cost_ratio": 1.246875,
                "output_oracle_rank": 252,
                "output_oracle_rank_fraction": 0.984375
              },
              "error_0p05": {
                "input_basis_ideal_cost_ratio": 1.1231770833333332,
                "input_basis_rank": 227,
                "input_basis_rank_fraction": 0.88671875,
                "output_oracle_ideal_cost_ratio": 1.1083333333333334,
                "output_oracle_rank": 224,
                "output_oracle_rank_fraction": 0.875
              },
              "error_0p1": {
                "input_basis_ideal_cost_ratio": 0.9302083333333333,
                "input_basis_rank": 188,
                "input_basis_rank_fraction": 0.734375,
                "output_oracle_ideal_cost_ratio": 0.90546875,
                "output_oracle_rank": 183,
                "output_oracle_rank_fraction": 0.71484375
              },
              "input_effective_rank": 9.70401382446289
            },
            {
              "error_0p01": {
                "input_basis_ideal_cost_ratio": 1.23203125,
                "input_basis_rank": 249,
                "input_basis_rank_fraction": 0.97265625,
                "output_oracle_ideal_cost_ratio": 1.23203125,
                "output_oracle_rank": 249,
                "output_oracle_rank_fraction": 0.97265625
              },
              "error_0p05": {
                "input_basis_ideal_cost_ratio": 1.0440104166666666,
                "input_basis_rank": 211,
                "input_basis_rank_fraction": 0.82421875,
                "output_oracle_ideal_cost_ratio": 1.0291666666666668,
                "output_oracle_rank": 208,
                "output_oracle_rank_fraction": 0.8125
              },
              "error_0p1": {
                "input_basis_ideal_cost_ratio": 0.83125,
                "input_basis_rank": 168,
                "input_basis_rank_fraction": 0.65625,
                "output_oracle_ideal_cost_ratio": 0.8065104166666667,
                "output_oracle_rank": 163,
                "output_oracle_rank_fraction": 0.63671875
              },
              "input_effective_rank": 9.471878051757812
            }
          ],
          "summary": {
            "all_cell_gates_pass": false,
            "error_0p01": {
              "input_basis_ideal_cost_ratio": {
                "max": 1.2518229166666668,
                "median": 1.2369791666666667,
                "min": 1.2171875,
                "p90": 1.2493489583333335
              },
              "input_basis_rank_fraction": {
                "max": 0.98828125,
                "median": 0.9765625,
                "min": 0.9609375,
                "p90": 0.986328125
              },
              "output_oracle_ideal_cost_ratio": {
                "max": 1.246875,
                "median": 1.2369791666666667,
                "min": 1.2171875,
                "p90": 1.246875
              },
              "output_oracle_rank_fraction": {
                "max": 0.984375,
                "median": 0.9765625,
                "min": 0.9609375,
                "p90": 0.984375
              }
            },
            "error_0p05": {
              "input_basis_ideal_cost_ratio": {
                "max": 1.128125,
                "median": 1.0885416666666667,
                "min": 1.009375,
                "p90": 1.1256510416666665
              },
              "input_basis_rank_fraction": {
                "max": 0.890625,
                "median": 0.859375,
                "min": 0.796875,
                "p90": 0.888671875
              },
              "output_oracle_ideal_cost_ratio": {
                "max": 1.1182291666666666,
                "median": 1.0786458333333333,
                "min": 0.9895833333333334,
                "p90": 1.1108072916666667
              },
              "output_oracle_rank_fraction": {
                "max": 0.8828125,
                "median": 0.8515625,
                "min": 0.78125,
                "p90": 0.876953125
              }
            },
            "error_0p1": {
              "input_basis_ideal_cost_ratio": {
                "max": 0.95,
                "median": 0.90546875,
                "min": 0.7817708333333333,
                "p90": 0.9450520833333333
              },
              "input_basis_rank_fraction": {
                "max": 0.75,
                "median": 0.71484375,
                "min": 0.6171875,
                "p90": 0.74609375
              },
              "output_oracle_ideal_cost_ratio": {
                "max": 0.9252604166666667,
                "median": 0.8856770833333334,
                "min": 0.75703125,
                "p90": 0.9178385416666667
              },
              "output_oracle_rank_fraction": {
                "max": 0.73046875,
                "median": 0.69921875,
                "min": 0.59765625,
                "p90": 0.724609375
              }
            },
            "gates": {
              "input_basis_median_cost_at_most_0p5": false,
              "input_basis_p90_cost_at_most_0p5": false,
              "oracle_median_cost_at_most_0p5": false,
              "oracle_p90_cost_at_most_0p5": false
            },
            "input_effective_rank": {
              "max": 13.468513488769531,
              "median": 10.604509353637695,
              "min": 8.028414726257324,
              "p90": 12.12292194366455
            }
          }
        },
        {
          "depth_fraction": 0.75,
          "kind": "ffn_up",
          "layer": 23,
          "sequence_count": 16,
          "sequences": [
            {
              "error_0p01": {
                "input_basis_ideal_cost_ratio": 1.2221354166666667,
                "input_basis_rank": 247,
                "input_basis_rank_fraction": 0.96484375,
                "output_oracle_ideal_cost_ratio": 1.2171875,
                "output_oracle_rank": 246,
                "output_oracle_rank_fraction": 0.9609375
              },
              "error_0p05": {
                "input_basis_ideal_cost_ratio": 0.9895833333333334,
                "input_basis_rank": 200,
                "input_basis_rank_fraction": 0.78125,
                "output_oracle_ideal_cost_ratio": 0.9697916666666666,
                "output_oracle_rank": 196,
                "output_oracle_rank_fraction": 0.765625
              },
              "error_0p1": {
                "input_basis_ideal_cost_ratio": 0.7471354166666666,
                "input_basis_rank": 151,
                "input_basis_rank_fraction": 0.58984375,
                "output_oracle_ideal_cost_ratio": 0.7174479166666666,
                "output_oracle_rank": 145,
                "output_oracle_rank_fraction": 0.56640625
              },
              "input_effective_rank": 7.847834587097168
            },
            {
              "error_0p01": {
                "input_basis_ideal_cost_ratio": 1.2369791666666667,
                "input_basis_rank": 250,
                "input_basis_rank_fraction": 0.9765625,
                "output_oracle_ideal_cost_ratio": 1.2369791666666667,
                "output_oracle_rank": 250,
                "output_oracle_rank_fraction": 0.9765625
              },
              "error_0p05": {
                "input_basis_ideal_cost_ratio": 1.0736979166666667,
                "input_basis_rank": 217,
                "input_basis_rank_fraction": 0.84765625,
                "output_oracle_ideal_cost_ratio": 1.05390625,
                "output_oracle_rank": 213,
                "output_oracle_rank_fraction": 0.83203125
              },
              "error_0p1": {
                "input_basis_ideal_cost_ratio": 0.8510416666666667,
                "input_basis_rank": 172,
                "input_basis_rank_fraction": 0.671875,
                "output_oracle_ideal_cost_ratio": 0.8213541666666666,
                "output_oracle_rank": 166,
                "output_oracle_rank_fraction": 0.6484375
              },
              "input_effective_rank": 8.912647247314453
            },
            {
              "error_0p01": {
                "input_basis_ideal_cost_ratio": 1.2171875,
                "input_basis_rank": 246,
                "input_basis_rank_fraction": 0.9609375,
                "output_oracle_ideal_cost_ratio": 1.2122395833333333,
                "output_oracle_rank": 245,
                "output_oracle_rank_fraction": 0.95703125
              },
              "error_0p05": {
                "input_basis_ideal_cost_ratio": 1.0291666666666668,
                "input_basis_rank": 208,
                "input_basis_rank_fraction": 0.8125,
                "output_oracle_ideal_cost_ratio": 1.0143229166666667,
                "output_oracle_rank": 205,
                "output_oracle_rank_fraction": 0.80078125
              },
              "error_0p1": {
                "input_basis_ideal_cost_ratio": 0.81640625,
                "input_basis_rank": 165,
                "input_basis_rank_fraction": 0.64453125,
                "output_oracle_ideal_cost_ratio": 0.7916666666666666,
                "output_oracle_rank": 160,
                "output_oracle_rank_fraction": 0.625
              },
              "input_effective_rank": 10.019036293029785
            },
            {
              "error_0p01": {
                "input_basis_ideal_cost_ratio": 1.2419270833333333,
                "input_basis_rank": 251,
                "input_basis_rank_fraction": 0.98046875,
                "output_oracle_ideal_cost_ratio": 1.2369791666666667,
                "output_oracle_rank": 250,
                "output_oracle_rank_fraction": 0.9765625
              },
              "error_0p05": {
                "input_basis_ideal_cost_ratio": 1.0736979166666667,
                "input_basis_rank": 217,
                "input_basis_rank_fraction": 0.84765625,
                "output_oracle_ideal_cost_ratio": 1.0588541666666667,
                "output_oracle_rank": 214,
                "output_oracle_rank_fraction": 0.8359375
              },
              "error_0p1": {
                "input_basis_ideal_cost_ratio": 0.8609375,
                "input_basis_rank": 174,
                "input_basis_rank_fraction": 0.6796875,
                "output_oracle_ideal_cost_ratio": 0.83125,
                "output_oracle_rank": 168,
                "output_oracle_rank_fraction": 0.65625
              },
              "input_effective_rank": 8.136321067810059
            },
            {
              "error_0p01": {
                "input_basis_ideal_cost_ratio": 1.23203125,
                "input_basis_rank": 249,
                "input_basis_rank_fraction": 0.97265625,
                "output_oracle_ideal_cost_ratio": 1.2270833333333333,
                "output_oracle_rank": 248,
                "output_oracle_rank_fraction": 0.96875
              },
              "error_0p05": {
                "input_basis_ideal_cost_ratio": 1.0736979166666667,
                "input_basis_rank": 217,
                "input_basis_rank_fraction": 0.84765625,
                "output_oracle_ideal_cost_ratio": 1.05390625,
                "output_oracle_rank": 213,
                "output_oracle_rank_fraction": 0.83203125
              },
              "error_0p1": {
                "input_basis_ideal_cost_ratio": 0.8658854166666666,
                "input_basis_rank": 175,
                "input_basis_rank_fraction": 0.68359375,
                "output_oracle_ideal_cost_ratio": 0.8361979166666667,
                "output_oracle_rank": 169,
                "output_oracle_rank_fraction": 0.66015625
              },
              "input_effective_rank": 8.921769142150879
            },
            {
              "error_0p01": {
                "input_basis_ideal_cost_ratio": 1.2122395833333333,
                "input_basis_rank": 245,
                "input_basis_rank_fraction": 0.95703125,
                "output_oracle_ideal_cost_ratio": 1.2072916666666667,
                "output_oracle_rank": 244,
                "output_oracle_rank_fraction": 0.953125
              },
              "error_0p05": {
                "input_basis_ideal_cost_ratio": 1.05390625,
                "input_basis_rank": 213,
                "input_basis_rank_fraction": 0.83203125,
                "output_oracle_ideal_cost_ratio": 1.0341145833333334,
                "output_oracle_rank": 209,
                "output_oracle_rank_fraction": 0.81640625
              },
              "error_0p1": {
                "input_basis_ideal_cost_ratio": 0.8510416666666667,
                "input_basis_rank": 172,
                "input_basis_rank_fraction": 0.671875,
                "output_oracle_ideal_cost_ratio": 0.8213541666666666,
                "output_oracle_rank": 166,
                "output_oracle_rank_fraction": 0.6484375
              },
              "input_effective_rank": 9.202581405639648
            },
            {
              "error_0p01": {
                "input_basis_ideal_cost_ratio": 1.2369791666666667,
                "input_basis_rank": 250,
                "input_basis_rank_fraction": 0.9765625,
                "output_oracle_ideal_cost_ratio": 1.23203125,
                "output_oracle_rank": 249,
                "output_oracle_rank_fraction": 0.97265625
              },
              "error_0p05": {
                "input_basis_ideal_cost_ratio": 1.08359375,
                "input_basis_rank": 219,
                "input_basis_rank_fraction": 0.85546875,
                "output_oracle_ideal_cost_ratio": 1.0638020833333333,
                "output_oracle_rank": 215,
                "output_oracle_rank_fraction": 0.83984375
              },
              "error_0p1": {
                "input_basis_ideal_cost_ratio": 0.8609375,
                "input_basis_rank": 174,
                "input_basis_rank_fraction": 0.6796875,
                "output_oracle_ideal_cost_ratio": 0.83125,
                "output_oracle_rank": 168,
                "output_oracle_rank_fraction": 0.65625
              },
              "input_effective_rank": 8.589300155639648
            },
            {
              "error_0p01": {
                "input_basis_ideal_cost_ratio": 1.23203125,
                "input_basis_rank": 249,
                "input_basis_rank_fraction": 0.97265625,
                "output_oracle_ideal_cost_ratio": 1.23203125,
                "output_oracle_rank": 249,
                "output_oracle_rank_fraction": 0.97265625
              },
              "error_0p05": {
                "input_basis_ideal_cost_ratio": 1.0786458333333333,
                "input_basis_rank": 218,
                "input_basis_rank_fraction": 0.8515625,
                "output_oracle_ideal_cost_ratio": 1.0588541666666667,
                "output_oracle_rank": 214,
                "output_oracle_rank_fraction": 0.8359375
              },
              "error_0p1": {
                "input_basis_ideal_cost_ratio": 0.8708333333333333,
                "input_basis_rank": 176,
                "input_basis_rank_fraction": 0.6875,
                "output_oracle_ideal_cost_ratio": 0.8411458333333334,
                "output_oracle_rank": 170,
                "output_oracle_rank_fraction": 0.6640625
              },
              "input_effective_rank": 8.544496536254883
            },
            {
              "error_0p01": {
                "input_basis_ideal_cost_ratio": 1.2369791666666667,
                "input_basis_rank": 250,
                "input_basis_rank_fraction": 0.9765625,
                "output_oracle_ideal_cost_ratio": 1.23203125,
                "output_oracle_rank": 249,
                "output_oracle_rank_fraction": 0.97265625
              },
              "error_0p05": {
                "input_basis_ideal_cost_ratio": 1.08359375,
                "input_basis_rank": 219,
                "input_basis_rank_fraction": 0.85546875,
                "output_oracle_ideal_cost_ratio": 1.0638020833333333,
                "output_oracle_rank": 215,
                "output_oracle_rank_fraction": 0.83984375
              },
              "error_0p1": {
                "input_basis_ideal_cost_ratio": 0.8708333333333333,
                "input_basis_rank": 176,
                "input_basis_rank_fraction": 0.6875,
                "output_oracle_ideal_cost_ratio": 0.8411458333333334,
                "output_oracle_rank": 170,
                "output_oracle_rank_fraction": 0.6640625
              },
              "input_effective_rank": 10.339813232421875
            },
            {
              "error_0p01": {
                "input_basis_ideal_cost_ratio": 1.2221354166666667,
                "input_basis_rank": 247,
                "input_basis_rank_fraction": 0.96484375,
                "output_oracle_ideal_cost_ratio": 1.2171875,
                "output_oracle_rank": 246,
                "output_oracle_rank_fraction": 0.9609375
              },
              "error_0p05": {
                "input_basis_ideal_cost_ratio": 0.9697916666666666,
                "input_basis_rank": 196,
                "input_basis_rank_fraction": 0.765625,
                "output_oracle_ideal_cost_ratio": 0.95,
                "output_oracle_rank": 192,
                "output_oracle_rank_fraction": 0.75
              },
              "error_0p1": {
                "input_basis_ideal_cost_ratio": 0.7174479166666666,
                "input_basis_rank": 145,
                "input_basis_rank_fraction": 0.56640625,
                "output_oracle_ideal_cost_ratio": 0.6877604166666667,
                "output_oracle_rank": 139,
                "output_oracle_rank_fraction": 0.54296875
              },
              "input_effective_rank": 6.292494297027588
            },
            {
              "error_0p01": {
                "input_basis_ideal_cost_ratio": 1.23203125,
                "input_basis_rank": 249,
                "input_basis_rank_fraction": 0.97265625,
                "output_oracle_ideal_cost_ratio": 1.2270833333333333,
                "output_oracle_rank": 248,
                "output_oracle_rank_fraction": 0.96875
              },
              "error_0p05": {
                "input_basis_ideal_cost_ratio": 1.0489583333333332,
                "input_basis_rank": 212,
                "input_basis_rank_fraction": 0.828125,
                "output_oracle_ideal_cost_ratio": 1.0291666666666668,
                "output_oracle_rank": 208,
                "output_oracle_rank_fraction": 0.8125
              },
              "error_0p1": {
                "input_basis_ideal_cost_ratio": 0.81640625,
                "input_basis_rank": 165,
                "input_basis_rank_fraction": 0.64453125,
                "output_oracle_ideal_cost_ratio": 0.78671875,
                "output_oracle_rank": 159,
                "output_oracle_rank_fraction": 0.62109375
              },
              "input_effective_rank": 8.399892807006836
            },
            {
              "error_0p01": {
                "input_basis_ideal_cost_ratio": 1.2419270833333333,
                "input_basis_rank": 251,
                "input_basis_rank_fraction": 0.98046875,
                "output_oracle_ideal_cost_ratio": 1.2419270833333333,
                "output_oracle_rank": 251,
                "output_oracle_rank_fraction": 0.98046875
              },
              "error_0p05": {
                "input_basis_ideal_cost_ratio": 1.0885416666666667,
                "input_basis_rank": 220,
                "input_basis_rank_fraction": 0.859375,
                "output_oracle_ideal_cost_ratio": 1.0736979166666667,
                "output_oracle_rank": 217,
                "output_oracle_rank_fraction": 0.84765625
              },
              "error_0p1": {
                "input_basis_ideal_cost_ratio": 0.8807291666666667,
                "input_basis_rank": 178,
                "input_basis_rank_fraction": 0.6953125,
                "output_oracle_ideal_cost_ratio": 0.8510416666666667,
                "output_oracle_rank": 172,
                "output_oracle_rank_fraction": 0.671875
              },
              "input_effective_rank": 9.978726387023926
            },
            {
              "error_0p01": {
                "input_basis_ideal_cost_ratio": 1.2369791666666667,
                "input_basis_rank": 250,
                "input_basis_rank_fraction": 0.9765625,
                "output_oracle_ideal_cost_ratio": 1.23203125,
                "output_oracle_rank": 249,
                "output_oracle_rank_fraction": 0.97265625
              },
              "error_0p05": {
                "input_basis_ideal_cost_ratio": 1.0341145833333334,
                "input_basis_rank": 209,
                "input_basis_rank_fraction": 0.81640625,
                "output_oracle_ideal_cost_ratio": 1.0143229166666667,
                "output_oracle_rank": 205,
                "output_oracle_rank_fraction": 0.80078125
              },
              "error_0p1": {
                "input_basis_ideal_cost_ratio": 0.8015625,
                "input_basis_rank": 162,
                "input_basis_rank_fraction": 0.6328125,
                "output_oracle_ideal_cost_ratio": 0.771875,
                "output_oracle_rank": 156,
                "output_oracle_rank_fraction": 0.609375
              },
              "input_effective_rank": 8.18691635131836
            },
            {
              "error_0p01": {
                "input_basis_ideal_cost_ratio": 1.2369791666666667,
                "input_basis_rank": 250,
                "input_basis_rank_fraction": 0.9765625,
                "output_oracle_ideal_cost_ratio": 1.23203125,
                "output_oracle_rank": 249,
                "output_oracle_rank_fraction": 0.97265625
              },
              "error_0p05": {
                "input_basis_ideal_cost_ratio": 1.0489583333333332,
                "input_basis_rank": 212,
                "input_basis_rank_fraction": 0.828125,
                "output_oracle_ideal_cost_ratio": 1.0291666666666668,
                "output_oracle_rank": 208,
                "output_oracle_rank_fraction": 0.8125
              },
              "error_0p1": {
                "input_basis_ideal_cost_ratio": 0.81640625,
                "input_basis_rank": 165,
                "input_basis_rank_fraction": 0.64453125,
                "output_oracle_ideal_cost_ratio": 0.78671875,
                "output_oracle_rank": 159,
                "output_oracle_rank_fraction": 0.62109375
              },
              "input_effective_rank": 7.315546035766602
            },
            {
              "error_0p01": {
                "input_basis_ideal_cost_ratio": 1.2419270833333333,
                "input_basis_rank": 251,
                "input_basis_rank_fraction": 0.98046875,
                "output_oracle_ideal_cost_ratio": 1.2419270833333333,
                "output_oracle_rank": 251,
                "output_oracle_rank_fraction": 0.98046875
              },
              "error_0p05": {
                "input_basis_ideal_cost_ratio": 1.06875,
                "input_basis_rank": 216,
                "input_basis_rank_fraction": 0.84375,
                "output_oracle_ideal_cost_ratio": 1.0489583333333332,
                "output_oracle_rank": 212,
                "output_oracle_rank_fraction": 0.828125
              },
              "error_0p1": {
                "input_basis_ideal_cost_ratio": 0.8361979166666667,
                "input_basis_rank": 169,
                "input_basis_rank_fraction": 0.66015625,
                "output_oracle_ideal_cost_ratio": 0.8065104166666667,
                "output_oracle_rank": 163,
                "output_oracle_rank_fraction": 0.63671875
              },
              "input_effective_rank": 6.8047990798950195
            },
            {
              "error_0p01": {
                "input_basis_ideal_cost_ratio": 1.2270833333333333,
                "input_basis_rank": 248,
                "input_basis_rank_fraction": 0.96875,
                "output_oracle_ideal_cost_ratio": 1.2221354166666667,
                "output_oracle_rank": 247,
                "output_oracle_rank_fraction": 0.96484375
              },
              "error_0p05": {
                "input_basis_ideal_cost_ratio": 1.009375,
                "input_basis_rank": 204,
                "input_basis_rank_fraction": 0.796875,
                "output_oracle_ideal_cost_ratio": 0.9895833333333334,
                "output_oracle_rank": 200,
                "output_oracle_rank_fraction": 0.78125
              },
              "error_0p1": {
                "input_basis_ideal_cost_ratio": 0.7619791666666667,
                "input_basis_rank": 154,
                "input_basis_rank_fraction": 0.6015625,
                "output_oracle_ideal_cost_ratio": 0.7372395833333334,
                "output_oracle_rank": 149,
                "output_oracle_rank_fraction": 0.58203125
              },
              "input_effective_rank": 7.174805641174316
            }
          ],
          "summary": {
            "all_cell_gates_pass": false,
            "error_0p01": {
              "input_basis_ideal_cost_ratio": {
                "max": 1.2419270833333333,
                "median": 1.23203125,
                "min": 1.2122395833333333,
                "p90": 1.2419270833333333
              },
              "input_basis_rank_fraction": {
                "max": 0.98046875,
                "median": 0.97265625,
                "min": 0.95703125,
                "p90": 0.98046875
              },
              "output_oracle_ideal_cost_ratio": {
                "max": 1.2419270833333333,
                "median": 1.23203125,
                "min": 1.2072916666666667,
                "p90": 1.239453125
              },
              "output_oracle_rank_fraction": {
                "max": 0.98046875,
                "median": 0.97265625,
                "min": 0.953125,
                "p90": 0.978515625
              }
            },
            "error_0p05": {
              "input_basis_ideal_cost_ratio": {
                "max": 1.0885416666666667,
                "median": 1.05390625,
                "min": 0.9697916666666666,
                "p90": 1.08359375
              },
              "input_basis_rank_fraction": {
                "max": 0.859375,
                "median": 0.83203125,
                "min": 0.765625,
                "p90": 0.85546875
              },
              "output_oracle_ideal_cost_ratio": {
                "max": 1.0736979166666667,
                "median": 1.0341145833333334,
                "min": 0.95,
                "p90": 1.0638020833333333
              },
              "output_oracle_rank_fraction": {
                "max": 0.84765625,
                "median": 0.81640625,
                "min": 0.75,
                "p90": 0.83984375
              }
            },
            "error_0p1": {
              "input_basis_ideal_cost_ratio": {
                "max": 0.8807291666666667,
                "median": 0.8361979166666667,
                "min": 0.7174479166666666,
                "p90": 0.8708333333333333
              },
              "input_basis_rank_fraction": {
                "max": 0.6953125,
                "median": 0.66015625,
                "min": 0.56640625,
                "p90": 0.6875
              },
              "output_oracle_ideal_cost_ratio": {
                "max": 0.8510416666666667,
                "median": 0.8065104166666667,
                "min": 0.6877604166666667,
                "p90": 0.8411458333333334
              },
              "output_oracle_rank_fraction": {
                "max": 0.671875,
                "median": 0.63671875,
                "min": 0.54296875,
                "p90": 0.6640625
              }
            },
            "gates": {
              "input_basis_median_cost_at_most_0p5": false,
              "input_basis_p90_cost_at_most_0p5": false,
              "oracle_median_cost_at_most_0p5": false,
              "oracle_p90_cost_at_most_0p5": false
            },
            "input_effective_rank": {
              "max": 10.339813232421875,
              "median": 8.399892807006836,
              "min": 6.292494297027588,
              "p90": 9.998881340026855
            }
          }
        }
      ],
      "hidden_size": 960,
      "layer_count": 32,
      "model_id": "HuggingFaceTB/SmolLM2-360M",
      "revision": "f8027fd0eaeea54caa13c31d31b9fdc459c38b49"
    },
    {
      "all_cell_gates_pass": false,
      "cells": [
        {
          "depth_fraction": 0.25,
          "kind": "qkv",
          "layer": 5,
          "sequence_count": 16,
          "sequences": [
            {
              "error_0p01": {
                "input_basis_ideal_cost_ratio": 1.0546875,
                "input_basis_rank": 240,
                "input_basis_rank_fraction": 0.9375,
                "output_oracle_ideal_cost_ratio": 1.05029296875,
                "output_oracle_rank": 239,
                "output_oracle_rank_fraction": 0.93359375
              },
              "error_0p05": {
                "input_basis_ideal_cost_ratio": 0.7734375,
                "input_basis_rank": 176,
                "input_basis_rank_fraction": 0.6875,
                "output_oracle_ideal_cost_ratio": 0.755859375,
                "output_oracle_rank": 172,
                "output_oracle_rank_fraction": 0.671875
              },
              "error_0p1": {
                "input_basis_ideal_cost_ratio": 0.544921875,
                "input_basis_rank": 124,
                "input_basis_rank_fraction": 0.484375,
                "output_oracle_ideal_cost_ratio": 0.5185546875,
                "output_oracle_rank": 118,
                "output_oracle_rank_fraction": 0.4609375
              },
              "input_effective_rank": 2.848357677459717
            },
            {
              "error_0p01": {
                "input_basis_ideal_cost_ratio": 1.07666015625,
                "input_basis_rank": 245,
                "input_basis_rank_fraction": 0.95703125,
                "output_oracle_ideal_cost_ratio": 1.072265625,
                "output_oracle_rank": 244,
                "output_oracle_rank_fraction": 0.953125
              },
              "error_0p05": {
                "input_basis_ideal_cost_ratio": 0.84814453125,
                "input_basis_rank": 193,
                "input_basis_rank_fraction": 0.75390625,
                "output_oracle_ideal_cost_ratio": 0.826171875,
                "output_oracle_rank": 188,
                "output_oracle_rank_fraction": 0.734375
              },
              "error_0p1": {
                "input_basis_ideal_cost_ratio": 0.6064453125,
                "input_basis_rank": 138,
                "input_basis_rank_fraction": 0.5390625,
                "output_oracle_ideal_cost_ratio": 0.580078125,
                "output_oracle_rank": 132,
                "output_oracle_rank_fraction": 0.515625
              },
              "input_effective_rank": 2.6640536785125732
            },
            {
              "error_0p01": {
                "input_basis_ideal_cost_ratio": 1.0458984375,
                "input_basis_rank": 238,
                "input_basis_rank_fraction": 0.9296875,
                "output_oracle_ideal_cost_ratio": 1.04150390625,
                "output_oracle_rank": 237,
                "output_oracle_rank_fraction": 0.92578125
              },
              "error_0p05": {
                "input_basis_ideal_cost_ratio": 0.791015625,
                "input_basis_rank": 180,
                "input_basis_rank_fraction": 0.703125,
                "output_oracle_ideal_cost_ratio": 0.7734375,
                "output_oracle_rank": 176,
                "output_oracle_rank_fraction": 0.6875
              },
              "error_0p1": {
                "input_basis_ideal_cost_ratio": 0.5625,
                "input_basis_rank": 128,
                "input_basis_rank_fraction": 0.5,
                "output_oracle_ideal_cost_ratio": 0.5361328125,
                "output_oracle_rank": 122,
                "output_oracle_rank_fraction": 0.4765625
              },
              "input_effective_rank": 2.7130126953125
            },
            {
              "error_0p01": {
                "input_basis_ideal_cost_ratio": 1.0810546875,
                "input_basis_rank": 246,
                "input_basis_rank_fraction": 0.9609375,
                "output_oracle_ideal_cost_ratio": 1.07666015625,
                "output_oracle_rank": 245,
                "output_oracle_rank_fraction": 0.95703125
              },
              "error_0p05": {
                "input_basis_ideal_cost_ratio": 0.87451171875,
                "input_basis_rank": 199,
                "input_basis_rank_fraction": 0.77734375,
                "output_oracle_ideal_cost_ratio": 0.85693359375,
                "output_oracle_rank": 195,
                "output_oracle_rank_fraction": 0.76171875
              },
              "error_0p1": {
                "input_basis_ideal_cost_ratio": 0.6416015625,
                "input_basis_rank": 146,
                "input_basis_rank_fraction": 0.5703125,
                "output_oracle_ideal_cost_ratio": 0.61083984375,
                "output_oracle_rank": 139,
                "output_oracle_rank_fraction": 0.54296875
              },
              "input_effective_rank": 2.584439992904663
            },
            {
              "error_0p01": {
                "input_basis_ideal_cost_ratio": 1.06787109375,
                "input_basis_rank": 243,
                "input_basis_rank_fraction": 0.94921875,
                "output_oracle_ideal_cost_ratio": 1.0634765625,
                "output_oracle_rank": 242,
                "output_oracle_rank_fraction": 0.9453125
              },
              "error_0p05": {
                "input_basis_ideal_cost_ratio": 0.87890625,
                "input_basis_rank": 200,
                "input_basis_rank_fraction": 0.78125,
                "output_oracle_ideal_cost_ratio": 0.861328125,
                "output_oracle_rank": 196,
                "output_oracle_rank_fraction": 0.765625
              },
              "error_0p1": {
                "input_basis_ideal_cost_ratio": 0.66357421875,
                "input_basis_rank": 151,
                "input_basis_rank_fraction": 0.58984375,
                "output_oracle_ideal_cost_ratio": 0.6328125,
                "output_oracle_rank": 144,
                "output_oracle_rank_fraction": 0.5625
              },
              "input_effective_rank": 2.8964061737060547
            },
            {
              "error_0p01": {
                "input_basis_ideal_cost_ratio": 1.05029296875,
                "input_basis_rank": 239,
                "input_basis_rank_fraction": 0.93359375,
                "output_oracle_ideal_cost_ratio": 1.0458984375,
                "output_oracle_rank": 238,
                "output_oracle_rank_fraction": 0.9296875
              },
              "error_0p05": {
                "input_basis_ideal_cost_ratio": 0.84375,
                "input_basis_rank": 192,
                "input_basis_rank_fraction": 0.75,
                "output_oracle_ideal_cost_ratio": 0.826171875,
                "output_oracle_rank": 188,
                "output_oracle_rank_fraction": 0.734375
              },
              "error_0p1": {
                "input_basis_ideal_cost_ratio": 0.62841796875,
                "input_basis_rank": 143,
                "input_basis_rank_fraction": 0.55859375,
                "output_oracle_ideal_cost_ratio": 0.59765625,
                "output_oracle_rank": 136,
                "output_oracle_rank_fraction": 0.53125
              },
              "input_effective_rank": 2.8183722496032715
            },
            {
              "error_0p01": {
                "input_basis_ideal_cost_ratio": 1.072265625,
                "input_basis_rank": 244,
                "input_basis_rank_fraction": 0.953125,
                "output_oracle_ideal_cost_ratio": 1.06787109375,
                "output_oracle_rank": 243,
                "output_oracle_rank_fraction": 0.94921875
              },
              "error_0p05": {
                "input_basis_ideal_cost_ratio": 0.8525390625,
                "input_basis_rank": 194,
                "input_basis_rank_fraction": 0.7578125,
                "output_oracle_ideal_cost_ratio": 0.83056640625,
                "output_oracle_rank": 189,
                "output_oracle_rank_fraction": 0.73828125
              },
              "error_0p1": {
                "input_basis_ideal_cost_ratio": 0.61962890625,
                "input_basis_rank": 141,
                "input_basis_rank_fraction": 0.55078125,
                "output_oracle_ideal_cost_ratio": 0.59326171875,
                "output_oracle_rank": 135,
                "output_oracle_rank_fraction": 0.52734375
              },
              "input_effective_rank": 2.7610013484954834
            },
            {
              "error_0p01": {
                "input_basis_ideal_cost_ratio": 1.05908203125,
                "input_basis_rank": 241,
                "input_basis_rank_fraction": 0.94140625,
                "output_oracle_ideal_cost_ratio": 1.05029296875,
                "output_oracle_rank": 239,
                "output_oracle_rank_fraction": 0.93359375
              },
              "error_0p05": {
                "input_basis_ideal_cost_ratio": 0.82177734375,
                "input_basis_rank": 187,
                "input_basis_rank_fraction": 0.73046875,
                "output_oracle_ideal_cost_ratio": 0.80419921875,
                "output_oracle_rank": 183,
                "output_oracle_rank_fraction": 0.71484375
              },
              "error_0p1": {
                "input_basis_ideal_cost_ratio": 0.60205078125,
                "input_basis_rank": 137,
                "input_basis_rank_fraction": 0.53515625,
                "output_oracle_ideal_cost_ratio": 0.57568359375,
                "output_oracle_rank": 131,
                "output_oracle_rank_fraction": 0.51171875
              },
              "input_effective_rank": 2.8148465156555176
            },
            {
              "error_0p01": {
                "input_basis_ideal_cost_ratio": 1.07666015625,
                "input_basis_rank": 245,
                "input_basis_rank_fraction": 0.95703125,
                "output_oracle_ideal_cost_ratio": 1.072265625,
                "output_oracle_rank": 244,
                "output_oracle_rank_fraction": 0.953125
              },
              "error_0p05": {
                "input_basis_ideal_cost_ratio": 0.8876953125,
                "input_basis_rank": 202,
                "input_basis_rank_fraction": 0.7890625,
                "output_oracle_ideal_cost_ratio": 0.8701171875,
                "output_oracle_rank": 198,
                "output_oracle_rank_fraction": 0.7734375
              },
              "error_0p1": {
                "input_basis_ideal_cost_ratio": 0.67236328125,
                "input_basis_rank": 153,
                "input_basis_rank_fraction": 0.59765625,
                "output_oracle_ideal_cost_ratio": 0.6416015625,
                "output_oracle_rank": 146,
                "output_oracle_rank_fraction": 0.5703125
              },
              "input_effective_rank": 2.940128803253174
            },
            {
              "error_0p01": {
                "input_basis_ideal_cost_ratio": 1.0546875,
                "input_basis_rank": 240,
                "input_basis_rank_fraction": 0.9375,
                "output_oracle_ideal_cost_ratio": 1.0458984375,
                "output_oracle_rank": 238,
                "output_oracle_rank_fraction": 0.9296875
              },
              "error_0p05": {
                "input_basis_ideal_cost_ratio": 0.7646484375,
                "input_basis_rank": 174,
                "input_basis_rank_fraction": 0.6796875,
                "output_oracle_ideal_cost_ratio": 0.74267578125,
                "output_oracle_rank": 169,
                "output_oracle_rank_fraction": 0.66015625
              },
              "error_0p1": {
                "input_basis_ideal_cost_ratio": 0.52734375,
                "input_basis_rank": 120,
                "input_basis_rank_fraction": 0.46875,
                "output_oracle_ideal_cost_ratio": 0.5009765625,
                "output_oracle_rank": 114,
                "output_oracle_rank_fraction": 0.4453125
              },
              "input_effective_rank": 2.669539451599121
            },
            {
              "error_0p01": {
                "input_basis_ideal_cost_ratio": 1.07666015625,
                "input_basis_rank": 245,
                "input_basis_rank_fraction": 0.95703125,
                "output_oracle_ideal_cost_ratio": 1.072265625,
                "output_oracle_rank": 244,
                "output_oracle_rank_fraction": 0.953125
              },
              "error_0p05": {
                "input_basis_ideal_cost_ratio": 0.8525390625,
                "input_basis_rank": 194,
                "input_basis_rank_fraction": 0.7578125,
                "output_oracle_ideal_cost_ratio": 0.8349609375,
                "output_oracle_rank": 190,
                "output_oracle_rank_fraction": 0.7421875
              },
              "error_0p1": {
                "input_basis_ideal_cost_ratio": 0.62841796875,
                "input_basis_rank": 143,
                "input_basis_rank_fraction": 0.55859375,
                "output_oracle_ideal_cost_ratio": 0.59765625,
                "output_oracle_rank": 136,
                "output_oracle_rank_fraction": 0.53125
              },
              "input_effective_rank": 2.891021966934204
            },
            {
              "error_0p01": {
                "input_basis_ideal_cost_ratio": 1.08544921875,
                "input_basis_rank": 247,
                "input_basis_rank_fraction": 0.96484375,
                "output_oracle_ideal_cost_ratio": 1.08544921875,
                "output_oracle_rank": 247,
                "output_oracle_rank_fraction": 0.96484375
              },
              "error_0p05": {
                "input_basis_ideal_cost_ratio": 0.896484375,
                "input_basis_rank": 204,
                "input_basis_rank_fraction": 0.796875,
                "output_oracle_ideal_cost_ratio": 0.87451171875,
                "output_oracle_rank": 199,
                "output_oracle_rank_fraction": 0.77734375
              },
              "error_0p1": {
                "input_basis_ideal_cost_ratio": 0.66357421875,
                "input_basis_rank": 151,
                "input_basis_rank_fraction": 0.58984375,
                "output_oracle_ideal_cost_ratio": 0.63720703125,
                "output_oracle_rank": 145,
                "output_oracle_rank_fraction": 0.56640625
              },
              "input_effective_rank": 2.889598846435547
            },
            {
              "error_0p01": {
                "input_basis_ideal_cost_ratio": 1.06787109375,
                "input_basis_rank": 243,
                "input_basis_rank_fraction": 0.94921875,
                "output_oracle_ideal_cost_ratio": 1.05908203125,
                "output_oracle_rank": 241,
                "output_oracle_rank_fraction": 0.94140625
              },
              "error_0p05": {
                "input_basis_ideal_cost_ratio": 0.80859375,
                "input_basis_rank": 184,
                "input_basis_rank_fraction": 0.71875,
                "output_oracle_ideal_cost_ratio": 0.791015625,
                "output_oracle_rank": 180,
                "output_oracle_rank_fraction": 0.703125
              },
              "error_0p1": {
                "input_basis_ideal_cost_ratio": 0.580078125,
                "input_basis_rank": 132,
                "input_basis_rank_fraction": 0.515625,
                "output_oracle_ideal_cost_ratio": 0.5537109375,
                "output_oracle_rank": 126,
                "output_oracle_rank_fraction": 0.4921875
              },
              "input_effective_rank": 2.794548273086548
            },
            {
              "error_0p01": {
                "input_basis_ideal_cost_ratio": 1.0634765625,
                "input_basis_rank": 242,
                "input_basis_rank_fraction": 0.9453125,
                "output_oracle_ideal_cost_ratio": 1.05908203125,
                "output_oracle_rank": 241,
                "output_oracle_rank_fraction": 0.94140625
              },
              "error_0p05": {
                "input_basis_ideal_cost_ratio": 0.80859375,
                "input_basis_rank": 184,
                "input_basis_rank_fraction": 0.71875,
                "output_oracle_ideal_cost_ratio": 0.791015625,
                "output_oracle_rank": 180,
                "output_oracle_rank_fraction": 0.703125
              },
              "error_0p1": {
                "input_basis_ideal_cost_ratio": 0.5888671875,
                "input_basis_rank": 134,
                "input_basis_rank_fraction": 0.5234375,
                "output_oracle_ideal_cost_ratio": 0.5625,
                "output_oracle_rank": 128,
                "output_oracle_rank_fraction": 0.5
              },
              "input_effective_rank": 2.9160029888153076
            },
            {
              "error_0p01": {
                "input_basis_ideal_cost_ratio": 1.08544921875,
                "input_basis_rank": 247,
                "input_basis_rank_fraction": 0.96484375,
                "output_oracle_ideal_cost_ratio": 1.0810546875,
                "output_oracle_rank": 246,
                "output_oracle_rank_fraction": 0.9609375
              },
              "error_0p05": {
                "input_basis_ideal_cost_ratio": 0.861328125,
                "input_basis_rank": 196,
                "input_basis_rank_fraction": 0.765625,
                "output_oracle_ideal_cost_ratio": 0.84375,
                "output_oracle_rank": 192,
                "output_oracle_rank_fraction": 0.75
              },
              "error_0p1": {
                "input_basis_ideal_cost_ratio": 0.62841796875,
                "input_basis_rank": 143,
                "input_basis_rank_fraction": 0.55859375,
                "output_oracle_ideal_cost_ratio": 0.60205078125,
                "output_oracle_rank": 137,
                "output_oracle_rank_fraction": 0.53515625
              },
              "input_effective_rank": 2.837397336959839
            },
            {
              "error_0p01": {
                "input_basis_ideal_cost_ratio": 1.0458984375,
                "input_basis_rank": 238,
                "input_basis_rank_fraction": 0.9296875,
                "output_oracle_ideal_cost_ratio": 1.04150390625,
                "output_oracle_rank": 237,
                "output_oracle_rank_fraction": 0.92578125
              },
              "error_0p05": {
                "input_basis_ideal_cost_ratio": 0.77783203125,
                "input_basis_rank": 177,
                "input_basis_rank_fraction": 0.69140625,
                "output_oracle_ideal_cost_ratio": 0.755859375,
                "output_oracle_rank": 172,
                "output_oracle_rank_fraction": 0.671875
              },
              "error_0p1": {
                "input_basis_ideal_cost_ratio": 0.54931640625,
                "input_basis_rank": 125,
                "input_basis_rank_fraction": 0.48828125,
                "output_oracle_ideal_cost_ratio": 0.52294921875,
                "output_oracle_rank": 119,
                "output_oracle_rank_fraction": 0.46484375
              },
              "input_effective_rank": 3.041801929473877
            }
          ],
          "summary": {
            "all_cell_gates_pass": false,
            "error_0p01": {
              "input_basis_ideal_cost_ratio": {
                "max": 1.08544921875,
                "median": 1.06787109375,
                "min": 1.0458984375,
                "p90": 1.083251953125
              },
              "input_basis_rank_fraction": {
                "max": 0.96484375,
                "median": 0.94921875,
                "min": 0.9296875,
                "p90": 0.962890625
              },
              "output_oracle_ideal_cost_ratio": {
                "max": 1.08544921875,
                "median": 1.05908203125,
                "min": 1.04150390625,
                "p90": 1.078857421875
              },
              "output_oracle_rank_fraction": {
                "max": 0.96484375,
                "median": 0.94140625,
                "min": 0.92578125,
                "p90": 0.958984375
              }
            },
            "error_0p05": {
              "input_basis_ideal_cost_ratio": {
                "max": 0.896484375,
                "median": 0.84375,
                "min": 0.7646484375,
                "p90": 0.88330078125
              },
              "input_basis_rank_fraction": {
                "max": 0.796875,
                "median": 0.75,
                "min": 0.6796875,
                "p90": 0.78515625
              },
              "output_oracle_ideal_cost_ratio": {
                "max": 0.87451171875,
                "median": 0.826171875,
                "min": 0.74267578125,
                "p90": 0.86572265625
              },
              "output_oracle_rank_fraction": {
                "max": 0.77734375,
                "median": 0.734375,
                "min": 0.66015625,
                "p90": 0.76953125
              }
            },
            "error_0p1": {
              "input_basis_ideal_cost_ratio": {
                "max": 0.67236328125,
                "median": 0.6064453125,
                "min": 0.52734375,
                "p90": 0.66357421875
              },
              "input_basis_rank_fraction": {
                "max": 0.59765625,
                "median": 0.5390625,
                "min": 0.46875,
                "p90": 0.58984375
              },
              "output_oracle_ideal_cost_ratio": {
                "max": 0.6416015625,
                "median": 0.580078125,
                "min": 0.5009765625,
                "p90": 0.635009765625
              },
              "output_oracle_rank_fraction": {
                "max": 0.5703125,
                "median": 0.515625,
                "min": 0.4453125,
                "p90": 0.564453125
              }
            },
            "gates": {
              "input_basis_median_cost_at_most_0p5": false,
              "input_basis_p90_cost_at_most_0p5": false,
              "oracle_median_cost_at_most_0p5": false,
              "oracle_p90_cost_at_most_0p5": false
            },
            "input_effective_rank": {
              "max": 3.041801929473877,
              "median": 2.8183722496032715,
              "min": 2.584439992904663,
              "p90": 2.9280658960342407
            }
          }
        },
        {
          "depth_fraction": 0.5,
          "kind": "qkv",
          "layer": 11,
          "sequence_count": 16,
          "sequences": [
            {
              "error_0p01": {
                "input_basis_ideal_cost_ratio": 1.07666015625,
                "input_basis_rank": 245,
                "input_basis_rank_fraction": 0.95703125,
                "output_oracle_ideal_cost_ratio": 1.06787109375,
                "output_oracle_rank": 243,
                "output_oracle_rank_fraction": 0.94921875
              },
              "error_0p05": {
                "input_basis_ideal_cost_ratio": 0.8525390625,
                "input_basis_rank": 194,
                "input_basis_rank_fraction": 0.7578125,
                "output_oracle_ideal_cost_ratio": 0.81298828125,
                "output_oracle_rank": 185,
                "output_oracle_rank_fraction": 0.72265625
              },
              "error_0p1": {
                "input_basis_ideal_cost_ratio": 0.60205078125,
                "input_basis_rank": 137,
                "input_basis_rank_fraction": 0.53515625,
                "output_oracle_ideal_cost_ratio": 0.544921875,
                "output_oracle_rank": 124,
                "output_oracle_rank_fraction": 0.484375
              },
              "input_effective_rank": 2.92810320854187
            },
            {
              "error_0p01": {
                "input_basis_ideal_cost_ratio": 1.09423828125,
                "input_basis_rank": 249,
                "input_basis_rank_fraction": 0.97265625,
                "output_oracle_ideal_cost_ratio": 1.08984375,
                "output_oracle_rank": 248,
                "output_oracle_rank_fraction": 0.96875
              },
              "error_0p05": {
                "input_basis_ideal_cost_ratio": 0.9140625,
                "input_basis_rank": 208,
                "input_basis_rank_fraction": 0.8125,
                "output_oracle_ideal_cost_ratio": 0.87451171875,
                "output_oracle_rank": 199,
                "output_oracle_rank_fraction": 0.77734375
              },
              "error_0p1": {
                "input_basis_ideal_cost_ratio": 0.6591796875,
                "input_basis_rank": 150,
                "input_basis_rank_fraction": 0.5859375,
                "output_oracle_ideal_cost_ratio": 0.59765625,
                "output_oracle_rank": 136,
                "output_oracle_rank_fraction": 0.53125
              },
              "input_effective_rank": 2.6155004501342773
            },
            {
              "error_0p01": {
                "input_basis_ideal_cost_ratio": 1.06787109375,
                "input_basis_rank": 243,
                "input_basis_rank_fraction": 0.94921875,
                "output_oracle_ideal_cost_ratio": 1.0634765625,
                "output_oracle_rank": 242,
                "output_oracle_rank_fraction": 0.9453125
              },
              "error_0p05": {
                "input_basis_ideal_cost_ratio": 0.861328125,
                "input_basis_rank": 196,
                "input_basis_rank_fraction": 0.765625,
                "output_oracle_ideal_cost_ratio": 0.82177734375,
                "output_oracle_rank": 187,
                "output_oracle_rank_fraction": 0.73046875
              },
              "error_0p1": {
                "input_basis_ideal_cost_ratio": 0.6064453125,
                "input_basis_rank": 138,
                "input_basis_rank_fraction": 0.5390625,
                "output_oracle_ideal_cost_ratio": 0.54931640625,
                "output_oracle_rank": 125,
                "output_oracle_rank_fraction": 0.48828125
              },
              "input_effective_rank": 2.686469316482544
            },
            {
              "error_0p01": {
                "input_basis_ideal_cost_ratio": 1.10302734375,
                "input_basis_rank": 251,
                "input_basis_rank_fraction": 0.98046875,
                "output_oracle_ideal_cost_ratio": 1.09423828125,
                "output_oracle_rank": 249,
                "output_oracle_rank_fraction": 0.97265625
              },
              "error_0p05": {
                "input_basis_ideal_cost_ratio": 0.92724609375,
                "input_basis_rank": 211,
                "input_basis_rank_fraction": 0.82421875,
                "output_oracle_ideal_cost_ratio": 0.8876953125,
                "output_oracle_rank": 202,
                "output_oracle_rank_fraction": 0.7890625
              },
              "error_0p1": {
                "input_basis_ideal_cost_ratio": 0.66796875,
                "input_basis_rank": 152,
                "input_basis_rank_fraction": 0.59375,
                "output_oracle_ideal_cost_ratio": 0.6064453125,
                "output_oracle_rank": 138,
                "output_oracle_rank_fraction": 0.5390625
              },
              "input_effective_rank": 2.610311269760132
            },
            {
              "error_0p01": {
                "input_basis_ideal_cost_ratio": 1.08984375,
                "input_basis_rank": 248,
                "input_basis_rank_fraction": 0.96875,
                "output_oracle_ideal_cost_ratio": 1.08544921875,
                "output_oracle_rank": 247,
                "output_oracle_rank_fraction": 0.96484375
              },
              "error_0p05": {
                "input_basis_ideal_cost_ratio": 0.91845703125,
                "input_basis_rank": 209,
                "input_basis_rank_fraction": 0.81640625,
                "output_oracle_ideal_cost_ratio": 0.87890625,
                "output_oracle_rank": 200,
                "output_oracle_rank_fraction": 0.78125
              },
              "error_0p1": {
                "input_basis_ideal_cost_ratio": 0.67236328125,
                "input_basis_rank": 153,
                "input_basis_rank_fraction": 0.59765625,
                "output_oracle_ideal_cost_ratio": 0.6064453125,
                "output_oracle_rank": 138,
                "output_oracle_rank_fraction": 0.5390625
              },
              "input_effective_rank": 2.8077282905578613
            },
            {
              "error_0p01": {
                "input_basis_ideal_cost_ratio": 1.06787109375,
                "input_basis_rank": 243,
                "input_basis_rank_fraction": 0.94921875,
                "output_oracle_ideal_cost_ratio": 1.0634765625,
                "output_oracle_rank": 242,
                "output_oracle_rank_fraction": 0.9453125
              },
              "error_0p05": {
                "input_basis_ideal_cost_ratio": 0.896484375,
                "input_basis_rank": 204,
                "input_basis_rank_fraction": 0.796875,
                "output_oracle_ideal_cost_ratio": 0.85693359375,
                "output_oracle_rank": 195,
                "output_oracle_rank_fraction": 0.76171875
              },
              "error_0p1": {
                "input_basis_ideal_cost_ratio": 0.65478515625,
                "input_basis_rank": 149,
                "input_basis_rank_fraction": 0.58203125,
                "output_oracle_ideal_cost_ratio": 0.59765625,
                "output_oracle_rank": 136,
                "output_oracle_rank_fraction": 0.53125
              },
              "input_effective_rank": 2.894515037536621
            },
            {
              "error_0p01": {
                "input_basis_ideal_cost_ratio": 1.09423828125,
                "input_basis_rank": 249,
                "input_basis_rank_fraction": 0.97265625,
                "output_oracle_ideal_cost_ratio": 1.08984375,
                "output_oracle_rank": 248,
                "output_oracle_rank_fraction": 0.96875
              },
              "error_0p05": {
                "input_basis_ideal_cost_ratio": 0.91845703125,
                "input_basis_rank": 209,
                "input_basis_rank_fraction": 0.81640625,
                "output_oracle_ideal_cost_ratio": 0.87890625,
                "output_oracle_rank": 200,
                "output_oracle_rank_fraction": 0.78125
              },
              "error_0p1": {
                "input_basis_ideal_cost_ratio": 0.66796875,
                "input_basis_rank": 152,
                "input_basis_rank_fraction": 0.59375,
                "output_oracle_ideal_cost_ratio": 0.6064453125,
                "output_oracle_rank": 138,
                "output_oracle_rank_fraction": 0.5390625
              },
              "input_effective_rank": 2.8496034145355225
            },
            {
              "error_0p01": {
                "input_basis_ideal_cost_ratio": 1.0810546875,
                "input_basis_rank": 246,
                "input_basis_rank_fraction": 0.9609375,
                "output_oracle_ideal_cost_ratio": 1.07666015625,
                "output_oracle_rank": 245,
                "output_oracle_rank_fraction": 0.95703125
              },
              "error_0p05": {
                "input_basis_ideal_cost_ratio": 0.8876953125,
                "input_basis_rank": 202,
                "input_basis_rank_fraction": 0.7890625,
                "output_oracle_ideal_cost_ratio": 0.84814453125,
                "output_oracle_rank": 193,
                "output_oracle_rank_fraction": 0.75390625
              },
              "error_0p1": {
                "input_basis_ideal_cost_ratio": 0.64599609375,
                "input_basis_rank": 147,
                "input_basis_rank_fraction": 0.57421875,
                "output_oracle_ideal_cost_ratio": 0.58447265625,
                "output_oracle_rank": 133,
                "output_oracle_rank_fraction": 0.51953125
              },
              "input_effective_rank": 2.7292492389678955
            },
            {
              "error_0p01": {
                "input_basis_ideal_cost_ratio": 1.0986328125,
                "input_basis_rank": 250,
                "input_basis_rank_fraction": 0.9765625,
                "output_oracle_ideal_cost_ratio": 1.0986328125,
                "output_oracle_rank": 250,
                "output_oracle_rank_fraction": 0.9765625
              },
              "error_0p05": {
                "input_basis_ideal_cost_ratio": 0.9404296875,
                "input_basis_rank": 214,
                "input_basis_rank_fraction": 0.8359375,
                "output_oracle_ideal_cost_ratio": 0.90087890625,
                "output_oracle_rank": 205,
                "output_oracle_rank_fraction": 0.80078125
              },
              "error_0p1": {
                "input_basis_ideal_cost_ratio": 0.68994140625,
                "input_basis_rank": 157,
                "input_basis_rank_fraction": 0.61328125,
                "output_oracle_ideal_cost_ratio": 0.6328125,
                "output_oracle_rank": 144,
                "output_oracle_rank_fraction": 0.5625
              },
              "input_effective_rank": 2.897110939025879
            },
            {
              "error_0p01": {
                "input_basis_ideal_cost_ratio": 1.08984375,
                "input_basis_rank": 248,
                "input_basis_rank_fraction": 0.96875,
                "output_oracle_ideal_cost_ratio": 1.0810546875,
                "output_oracle_rank": 246,
                "output_oracle_rank_fraction": 0.9609375
              },
              "error_0p05": {
                "input_basis_ideal_cost_ratio": 0.86572265625,
                "input_basis_rank": 197,
                "input_basis_rank_fraction": 0.76953125,
                "output_oracle_ideal_cost_ratio": 0.82177734375,
                "output_oracle_rank": 187,
                "output_oracle_rank_fraction": 0.73046875
              },
              "error_0p1": {
                "input_basis_ideal_cost_ratio": 0.59765625,
                "input_basis_rank": 136,
                "input_basis_rank_fraction": 0.53125,
                "output_oracle_ideal_cost_ratio": 0.54052734375,
                "output_oracle_rank": 123,
                "output_oracle_rank_fraction": 0.48046875
              },
              "input_effective_rank": 2.6854465007781982
            },
            {
              "error_0p01": {
                "input_basis_ideal_cost_ratio": 1.08984375,
                "input_basis_rank": 248,
                "input_basis_rank_fraction": 0.96875,
                "output_oracle_ideal_cost_ratio": 1.08544921875,
                "output_oracle_rank": 247,
                "output_oracle_rank_fraction": 0.96484375
              },
              "error_0p05": {
                "input_basis_ideal_cost_ratio": 0.9052734375,
                "input_basis_rank": 206,
                "input_basis_rank_fraction": 0.8046875,
                "output_oracle_ideal_cost_ratio": 0.86572265625,
                "output_oracle_rank": 197,
                "output_oracle_rank_fraction": 0.76953125
              },
              "error_0p1": {
                "input_basis_ideal_cost_ratio": 0.65478515625,
                "input_basis_rank": 149,
                "input_basis_rank_fraction": 0.58203125,
                "output_oracle_ideal_cost_ratio": 0.59326171875,
                "output_oracle_rank": 135,
                "output_oracle_rank_fraction": 0.52734375
              },
              "input_effective_rank": 2.7087645530700684
            },
            {
              "error_0p01": {
                "input_basis_ideal_cost_ratio": 1.10302734375,
                "input_basis_rank": 251,
                "input_basis_rank_fraction": 0.98046875,
                "output_oracle_ideal_cost_ratio": 1.0986328125,
                "output_oracle_rank": 250,
                "output_oracle_rank_fraction": 0.9765625
              },
              "error_0p05": {
                "input_basis_ideal_cost_ratio": 0.9404296875,
                "input_basis_rank": 214,
                "input_basis_rank_fraction": 0.8359375,
                "output_oracle_ideal_cost_ratio": 0.90087890625,
                "output_oracle_rank": 205,
                "output_oracle_rank_fraction": 0.80078125
              },
              "error_0p1": {
                "input_basis_ideal_cost_ratio": 0.6943359375,
                "input_basis_rank": 158,
                "input_basis_rank_fraction": 0.6171875,
                "output_oracle_ideal_cost_ratio": 0.62841796875,
                "output_oracle_rank": 143,
                "output_oracle_rank_fraction": 0.55859375
              },
              "input_effective_rank": 2.8890762329101562
            },
            {
              "error_0p01": {
                "input_basis_ideal_cost_ratio": 1.08984375,
                "input_basis_rank": 248,
                "input_basis_rank_fraction": 0.96875,
                "output_oracle_ideal_cost_ratio": 1.08544921875,
                "output_oracle_rank": 247,
                "output_oracle_rank_fraction": 0.96484375
              },
              "error_0p05": {
                "input_basis_ideal_cost_ratio": 0.8876953125,
                "input_basis_rank": 202,
                "input_basis_rank_fraction": 0.7890625,
                "output_oracle_ideal_cost_ratio": 0.84814453125,
                "output_oracle_rank": 193,
                "output_oracle_rank_fraction": 0.75390625
              },
              "error_0p1": {
                "input_basis_ideal_cost_ratio": 0.63720703125,
                "input_basis_rank": 145,
                "input_basis_rank_fraction": 0.56640625,
                "output_oracle_ideal_cost_ratio": 0.580078125,
                "output_oracle_rank": 132,
                "output_oracle_rank_fraction": 0.515625
              },
              "input_effective_rank": 2.663458824157715
            },
            {
              "error_0p01": {
                "input_basis_ideal_cost_ratio": 1.0986328125,
                "input_basis_rank": 250,
                "input_basis_rank_fraction": 0.9765625,
                "output_oracle_ideal_cost_ratio": 1.08984375,
                "output_oracle_rank": 248,
                "output_oracle_rank_fraction": 0.96875
              },
              "error_0p05": {
                "input_basis_ideal_cost_ratio": 0.9052734375,
                "input_basis_rank": 206,
                "input_basis_rank_fraction": 0.8046875,
                "output_oracle_ideal_cost_ratio": 0.86572265625,
                "output_oracle_rank": 197,
                "output_oracle_rank_fraction": 0.76953125
              },
              "error_0p1": {
                "input_basis_ideal_cost_ratio": 0.65478515625,
                "input_basis_rank": 149,
                "input_basis_rank_fraction": 0.58203125,
                "output_oracle_ideal_cost_ratio": 0.59326171875,
                "output_oracle_rank": 135,
                "output_oracle_rank_fraction": 0.52734375
              },
              "input_effective_rank": 2.855949878692627
            },
            {
              "error_0p01": {
                "input_basis_ideal_cost_ratio": 1.10302734375,
                "input_basis_rank": 251,
                "input_basis_rank_fraction": 0.98046875,
                "output_oracle_ideal_cost_ratio": 1.0986328125,
                "output_oracle_rank": 250,
                "output_oracle_rank_fraction": 0.9765625
              },
              "error_0p05": {
                "input_basis_ideal_cost_ratio": 0.93603515625,
                "input_basis_rank": 213,
                "input_basis_rank_fraction": 0.83203125,
                "output_oracle_ideal_cost_ratio": 0.89208984375,
                "output_oracle_rank": 203,
                "output_oracle_rank_fraction": 0.79296875
              },
              "error_0p1": {
                "input_basis_ideal_cost_ratio": 0.6767578125,
                "input_basis_rank": 154,
                "input_basis_rank_fraction": 0.6015625,
                "output_oracle_ideal_cost_ratio": 0.615234375,
                "output_oracle_rank": 140,
                "output_oracle_rank_fraction": 0.546875
              },
              "input_effective_rank": 2.805396795272827
            },
            {
              "error_0p01": {
                "input_basis_ideal_cost_ratio": 1.08544921875,
                "input_basis_rank": 247,
                "input_basis_rank_fraction": 0.96484375,
                "output_oracle_ideal_cost_ratio": 1.0810546875,
                "output_oracle_rank": 246,
                "output_oracle_rank_fraction": 0.9609375
              },
              "error_0p05": {
                "input_basis_ideal_cost_ratio": 0.88330078125,
                "input_basis_rank": 201,
                "input_basis_rank_fraction": 0.78515625,
                "output_oracle_ideal_cost_ratio": 0.84375,
                "output_oracle_rank": 192,
                "output_oracle_rank_fraction": 0.75
              },
              "error_0p1": {
                "input_basis_ideal_cost_ratio": 0.62841796875,
                "input_basis_rank": 143,
                "input_basis_rank_fraction": 0.55859375,
                "output_oracle_ideal_cost_ratio": 0.5712890625,
                "output_oracle_rank": 130,
                "output_oracle_rank_fraction": 0.5078125
              },
              "input_effective_rank": 2.801940441131592
            }
          ],
          "summary": {
            "all_cell_gates_pass": false,
            "error_0p01": {
              "input_basis_ideal_cost_ratio": {
                "max": 1.10302734375,
                "median": 1.08984375,
                "min": 1.06787109375,
                "p90": 1.10302734375
              },
              "input_basis_rank_fraction": {
                "max": 0.98046875,
                "median": 0.96875,
                "min": 0.94921875,
                "p90": 0.98046875
              },
              "output_oracle_ideal_cost_ratio": {
                "max": 1.0986328125,
                "median": 1.08544921875,
                "min": 1.0634765625,
                "p90": 1.0986328125
              },
              "output_oracle_rank_fraction": {
                "max": 0.9765625,
                "median": 0.96484375,
                "min": 0.9453125,
                "p90": 0.9765625
              }
            },
            "error_0p05": {
              "input_basis_ideal_cost_ratio": {
                "max": 0.9404296875,
                "median": 0.9052734375,
                "min": 0.8525390625,
                "p90": 0.938232421875
              },
              "input_basis_rank_fraction": {
                "max": 0.8359375,
                "median": 0.8046875,
                "min": 0.7578125,
                "p90": 0.833984375
              },
              "output_oracle_ideal_cost_ratio": {
                "max": 0.90087890625,
                "median": 0.86572265625,
                "min": 0.81298828125,
                "p90": 0.896484375
              },
              "output_oracle_rank_fraction": {
                "max": 0.80078125,
                "median": 0.76953125,
                "min": 0.72265625,
                "p90": 0.796875
              }
            },
            "error_0p1": {
              "input_basis_ideal_cost_ratio": {
                "max": 0.6943359375,
                "median": 0.65478515625,
                "min": 0.59765625,
                "p90": 0.683349609375
              },
              "input_basis_rank_fraction": {
                "max": 0.6171875,
                "median": 0.58203125,
                "min": 0.53125,
                "p90": 0.607421875
              },
              "output_oracle_ideal_cost_ratio": {
                "max": 0.6328125,
                "median": 0.59326171875,
                "min": 0.54052734375,
                "p90": 0.621826171875
              },
              "output_oracle_rank_fraction": {
                "max": 0.5625,
                "median": 0.52734375,
                "min": 0.48046875,
                "p90": 0.552734375
              }
            },
            "gates": {
              "input_basis_median_cost_at_most_0p5": false,
              "input_basis_p90_cost_at_most_0p5": false,
              "oracle_median_cost_at_most_0p5": false,
              "oracle_p90_cost_at_most_0p5": false
            },
            "input_effective_rank": {
              "max": 2.92810320854187,
              "median": 2.801940441131592,
              "min": 2.610311269760132,
              "p90": 2.89581298828125
            }
          }
        },
        {
          "depth_fraction": 0.75,
          "kind": "qkv",
          "layer": 17,
          "sequence_count": 16,
          "sequences": [
            {
              "error_0p01": {
                "input_basis_ideal_cost_ratio": 1.07666015625,
                "input_basis_rank": 245,
                "input_basis_rank_fraction": 0.95703125,
                "output_oracle_ideal_cost_ratio": 1.072265625,
                "output_oracle_rank": 244,
                "output_oracle_rank_fraction": 0.953125
              },
              "error_0p05": {
                "input_basis_ideal_cost_ratio": 0.85693359375,
                "input_basis_rank": 195,
                "input_basis_rank_fraction": 0.76171875,
                "output_oracle_ideal_cost_ratio": 0.8349609375,
                "output_oracle_rank": 190,
                "output_oracle_rank_fraction": 0.7421875
              },
              "error_0p1": {
                "input_basis_ideal_cost_ratio": 0.6328125,
                "input_basis_rank": 144,
                "input_basis_rank_fraction": 0.5625,
                "output_oracle_ideal_cost_ratio": 0.60205078125,
                "output_oracle_rank": 137,
                "output_oracle_rank_fraction": 0.53515625
              },
              "input_effective_rank": 3.50131893157959
            },
            {
              "error_0p01": {
                "input_basis_ideal_cost_ratio": 1.09423828125,
                "input_basis_rank": 249,
                "input_basis_rank_fraction": 0.97265625,
                "output_oracle_ideal_cost_ratio": 1.08984375,
                "output_oracle_rank": 248,
                "output_oracle_rank_fraction": 0.96875
              },
              "error_0p05": {
                "input_basis_ideal_cost_ratio": 0.9228515625,
                "input_basis_rank": 210,
                "input_basis_rank_fraction": 0.8203125,
                "output_oracle_ideal_cost_ratio": 0.90087890625,
                "output_oracle_rank": 205,
                "output_oracle_rank_fraction": 0.80078125
              },
              "error_0p1": {
                "input_basis_ideal_cost_ratio": 0.69873046875,
                "input_basis_rank": 159,
                "input_basis_rank_fraction": 0.62109375,
                "output_oracle_ideal_cost_ratio": 0.66796875,
                "output_oracle_rank": 152,
                "output_oracle_rank_fraction": 0.59375
              },
              "input_effective_rank": 3.162473678588867
            },
            {
              "error_0p01": {
                "input_basis_ideal_cost_ratio": 1.072265625,
                "input_basis_rank": 244,
                "input_basis_rank_fraction": 0.953125,
                "output_oracle_ideal_cost_ratio": 1.06787109375,
                "output_oracle_rank": 243,
                "output_oracle_rank_fraction": 0.94921875
              },
              "error_0p05": {
                "input_basis_ideal_cost_ratio": 0.88330078125,
                "input_basis_rank": 201,
                "input_basis_rank_fraction": 0.78515625,
                "output_oracle_ideal_cost_ratio": 0.85693359375,
                "output_oracle_rank": 195,
                "output_oracle_rank_fraction": 0.76171875
              },
              "error_0p1": {
                "input_basis_ideal_cost_ratio": 0.650390625,
                "input_basis_rank": 148,
                "input_basis_rank_fraction": 0.578125,
                "output_oracle_ideal_cost_ratio": 0.61962890625,
                "output_oracle_rank": 141,
                "output_oracle_rank_fraction": 0.55078125
              },
              "input_effective_rank": 3.259396553039551
            },
            {
              "error_0p01": {
                "input_basis_ideal_cost_ratio": 1.0986328125,
                "input_basis_rank": 250,
                "input_basis_rank_fraction": 0.9765625,
                "output_oracle_ideal_cost_ratio": 1.0986328125,
                "output_oracle_rank": 250,
                "output_oracle_rank_fraction": 0.9765625
              },
              "error_0p05": {
                "input_basis_ideal_cost_ratio": 0.93603515625,
                "input_basis_rank": 213,
                "input_basis_rank_fraction": 0.83203125,
                "output_oracle_ideal_cost_ratio": 0.91845703125,
                "output_oracle_rank": 209,
                "output_oracle_rank_fraction": 0.81640625
              },
              "error_0p1": {
                "input_basis_ideal_cost_ratio": 0.7119140625,
                "input_basis_rank": 162,
                "input_basis_rank_fraction": 0.6328125,
                "output_oracle_ideal_cost_ratio": 0.68115234375,
                "output_oracle_rank": 155,
                "output_oracle_rank_fraction": 0.60546875
              },
              "input_effective_rank": 3.070599317550659
            },
            {
              "error_0p01": {
                "input_basis_ideal_cost_ratio": 1.08984375,
                "input_basis_rank": 248,
                "input_basis_rank_fraction": 0.96875,
                "output_oracle_ideal_cost_ratio": 1.08544921875,
                "output_oracle_rank": 247,
                "output_oracle_rank_fraction": 0.96484375
              },
              "error_0p05": {
                "input_basis_ideal_cost_ratio": 0.92724609375,
                "input_basis_rank": 211,
                "input_basis_rank_fraction": 0.82421875,
                "output_oracle_ideal_cost_ratio": 0.9052734375,
                "output_oracle_rank": 206,
                "output_oracle_rank_fraction": 0.8046875
              },
              "error_0p1": {
                "input_basis_ideal_cost_ratio": 0.70751953125,
                "input_basis_rank": 161,
                "input_basis_rank_fraction": 0.62890625,
                "output_oracle_ideal_cost_ratio": 0.6767578125,
                "output_oracle_rank": 154,
                "output_oracle_rank_fraction": 0.6015625
              },
              "input_effective_rank": 3.0728559494018555
            },
            {
              "error_0p01": {
                "input_basis_ideal_cost_ratio": 1.072265625,
                "input_basis_rank": 244,
                "input_basis_rank_fraction": 0.953125,
                "output_oracle_ideal_cost_ratio": 1.0634765625,
                "output_oracle_rank": 242,
                "output_oracle_rank_fraction": 0.9453125
              },
              "error_0p05": {
                "input_basis_ideal_cost_ratio": 0.9052734375,
                "input_basis_rank": 206,
                "input_basis_rank_fraction": 0.8046875,
                "output_oracle_ideal_cost_ratio": 0.8876953125,
                "output_oracle_rank": 202,
                "output_oracle_rank_fraction": 0.7890625
              },
              "error_0p1": {
                "input_basis_ideal_cost_ratio": 0.685546875,
                "input_basis_rank": 156,
                "input_basis_rank_fraction": 0.609375,
                "output_oracle_ideal_cost_ratio": 0.65478515625,
                "output_oracle_rank": 149,
                "output_oracle_rank_fraction": 0.58203125
              },
              "input_effective_rank": 3.416402578353882
            },
            {
              "error_0p01": {
                "input_basis_ideal_cost_ratio": 1.09423828125,
                "input_basis_rank": 249,
                "input_basis_rank_fraction": 0.97265625,
                "output_oracle_ideal_cost_ratio": 1.08984375,
                "output_oracle_rank": 248,
                "output_oracle_rank_fraction": 0.96875
              },
              "error_0p05": {
                "input_basis_ideal_cost_ratio": 0.931640625,
                "input_basis_rank": 212,
                "input_basis_rank_fraction": 0.828125,
                "output_oracle_ideal_cost_ratio": 0.90966796875,
                "output_oracle_rank": 207,
                "output_oracle_rank_fraction": 0.80859375
              },
              "error_0p1": {
                "input_basis_ideal_cost_ratio": 0.70751953125,
                "input_basis_rank": 161,
                "input_basis_rank_fraction": 0.62890625,
                "output_oracle_ideal_cost_ratio": 0.67236328125,
                "output_oracle_rank": 153,
                "output_oracle_rank_fraction": 0.59765625
              },
              "input_effective_rank": 3.311812162399292
            },
            {
              "error_0p01": {
                "input_basis_ideal_cost_ratio": 1.08984375,
                "input_basis_rank": 248,
                "input_basis_rank_fraction": 0.96875,
                "output_oracle_ideal_cost_ratio": 1.08544921875,
                "output_oracle_rank": 247,
                "output_oracle_rank_fraction": 0.96484375
              },
              "error_0p05": {
                "input_basis_ideal_cost_ratio": 0.9228515625,
                "input_basis_rank": 210,
                "input_basis_rank_fraction": 0.8203125,
                "output_oracle_ideal_cost_ratio": 0.896484375,
                "output_oracle_rank": 204,
                "output_oracle_rank_fraction": 0.796875
              },
              "error_0p1": {
                "input_basis_ideal_cost_ratio": 0.703125,
                "input_basis_rank": 160,
                "input_basis_rank_fraction": 0.625,
                "output_oracle_ideal_cost_ratio": 0.66796875,
                "output_oracle_rank": 152,
                "output_oracle_rank_fraction": 0.59375
              },
              "input_effective_rank": 3.271519422531128
            },
            {
              "error_0p01": {
                "input_basis_ideal_cost_ratio": 1.10302734375,
                "input_basis_rank": 251,
                "input_basis_rank_fraction": 0.98046875,
                "output_oracle_ideal_cost_ratio": 1.0986328125,
                "output_oracle_rank": 250,
                "output_oracle_rank_fraction": 0.9765625
              },
              "error_0p05": {
                "input_basis_ideal_cost_ratio": 0.95361328125,
                "input_basis_rank": 217,
                "input_basis_rank_fraction": 0.84765625,
                "output_oracle_ideal_cost_ratio": 0.931640625,
                "output_oracle_rank": 212,
                "output_oracle_rank_fraction": 0.828125
              },
              "error_0p1": {
                "input_basis_ideal_cost_ratio": 0.73388671875,
                "input_basis_rank": 167,
                "input_basis_rank_fraction": 0.65234375,
                "output_oracle_ideal_cost_ratio": 0.69873046875,
                "output_oracle_rank": 159,
                "output_oracle_rank_fraction": 0.62109375
              },
              "input_effective_rank": 3.4868690967559814
            },
            {
              "error_0p01": {
                "input_basis_ideal_cost_ratio": 1.08984375,
                "input_basis_rank": 248,
                "input_basis_rank_fraction": 0.96875,
                "output_oracle_ideal_cost_ratio": 1.08544921875,
                "output_oracle_rank": 247,
                "output_oracle_rank_fraction": 0.96484375
              },
              "error_0p05": {
                "input_basis_ideal_cost_ratio": 0.85693359375,
                "input_basis_rank": 195,
                "input_basis_rank_fraction": 0.76171875,
                "output_oracle_ideal_cost_ratio": 0.83056640625,
                "output_oracle_rank": 189,
                "output_oracle_rank_fraction": 0.73828125
              },
              "error_0p1": {
                "input_basis_ideal_cost_ratio": 0.60205078125,
                "input_basis_rank": 137,
                "input_basis_rank_fraction": 0.53515625,
                "output_oracle_ideal_cost_ratio": 0.5712890625,
                "output_oracle_rank": 130,
                "output_oracle_rank_fraction": 0.5078125
              },
              "input_effective_rank": 2.880463123321533
            },
            {
              "error_0p01": {
                "input_basis_ideal_cost_ratio": 1.09423828125,
                "input_basis_rank": 249,
                "input_basis_rank_fraction": 0.97265625,
                "output_oracle_ideal_cost_ratio": 1.08984375,
                "output_oracle_rank": 248,
                "output_oracle_rank_fraction": 0.96875
              },
              "error_0p05": {
                "input_basis_ideal_cost_ratio": 0.90966796875,
                "input_basis_rank": 207,
                "input_basis_rank_fraction": 0.80859375,
                "output_oracle_ideal_cost_ratio": 0.8876953125,
                "output_oracle_rank": 202,
                "output_oracle_rank_fraction": 0.7890625
              },
              "error_0p1": {
                "input_basis_ideal_cost_ratio": 0.685546875,
                "input_basis_rank": 156,
                "input_basis_rank_fraction": 0.609375,
                "output_oracle_ideal_cost_ratio": 0.650390625,
                "output_oracle_rank": 148,
                "output_oracle_rank_fraction": 0.578125
              },
              "input_effective_rank": 3.1826555728912354
            },
            {
              "error_0p01": {
                "input_basis_ideal_cost_ratio": 1.10302734375,
                "input_basis_rank": 251,
                "input_basis_rank_fraction": 0.98046875,
                "output_oracle_ideal_cost_ratio": 1.0986328125,
                "output_oracle_rank": 250,
                "output_oracle_rank_fraction": 0.9765625
              },
              "error_0p05": {
                "input_basis_ideal_cost_ratio": 0.94921875,
                "input_basis_rank": 216,
                "input_basis_rank_fraction": 0.84375,
                "output_oracle_ideal_cost_ratio": 0.92724609375,
                "output_oracle_rank": 211,
                "output_oracle_rank_fraction": 0.82421875
              },
              "error_0p1": {
                "input_basis_ideal_cost_ratio": 0.72509765625,
                "input_basis_rank": 165,
                "input_basis_rank_fraction": 0.64453125,
                "output_oracle_ideal_cost_ratio": 0.68994140625,
                "output_oracle_rank": 157,
                "output_oracle_rank_fraction": 0.61328125
              },
              "input_effective_rank": 3.320329189300537
            },
            {
              "error_0p01": {
                "input_basis_ideal_cost_ratio": 1.08984375,
                "input_basis_rank": 248,
                "input_basis_rank_fraction": 0.96875,
                "output_oracle_ideal_cost_ratio": 1.08984375,
                "output_oracle_rank": 248,
                "output_oracle_rank_fraction": 0.96875
              },
              "error_0p05": {
                "input_basis_ideal_cost_ratio": 0.89208984375,
                "input_basis_rank": 203,
                "input_basis_rank_fraction": 0.79296875,
                "output_oracle_ideal_cost_ratio": 0.8701171875,
                "output_oracle_rank": 198,
                "output_oracle_rank_fraction": 0.7734375
              },
              "error_0p1": {
                "input_basis_ideal_cost_ratio": 0.6591796875,
                "input_basis_rank": 150,
                "input_basis_rank_fraction": 0.5859375,
                "output_oracle_ideal_cost_ratio": 0.62841796875,
                "output_oracle_rank": 143,
                "output_oracle_rank_fraction": 0.55859375
              },
              "input_effective_rank": 3.038729667663574
            },
            {
              "error_0p01": {
                "input_basis_ideal_cost_ratio": 1.0986328125,
                "input_basis_rank": 250,
                "input_basis_rank_fraction": 0.9765625,
                "output_oracle_ideal_cost_ratio": 1.09423828125,
                "output_oracle_rank": 249,
                "output_oracle_rank_fraction": 0.97265625
              },
              "error_0p05": {
                "input_basis_ideal_cost_ratio": 0.90966796875,
                "input_basis_rank": 207,
                "input_basis_rank_fraction": 0.80859375,
                "output_oracle_ideal_cost_ratio": 0.8876953125,
                "output_oracle_rank": 202,
                "output_oracle_rank_fraction": 0.7890625
              },
              "error_0p1": {
                "input_basis_ideal_cost_ratio": 0.6767578125,
                "input_basis_rank": 154,
                "input_basis_rank_fraction": 0.6015625,
                "output_oracle_ideal_cost_ratio": 0.64599609375,
                "output_oracle_rank": 147,
                "output_oracle_rank_fraction": 0.57421875
              },
              "input_effective_rank": 3.2439398765563965
            },
            {
              "error_0p01": {
                "input_basis_ideal_cost_ratio": 1.107421875,
                "input_basis_rank": 252,
                "input_basis_rank_fraction": 0.984375,
                "output_oracle_ideal_cost_ratio": 1.10302734375,
                "output_oracle_rank": 251,
                "output_oracle_rank_fraction": 0.98046875
              },
              "error_0p05": {
                "input_basis_ideal_cost_ratio": 0.9404296875,
                "input_basis_rank": 214,
                "input_basis_rank_fraction": 0.8359375,
                "output_oracle_ideal_cost_ratio": 0.91845703125,
                "output_oracle_rank": 209,
                "output_oracle_rank_fraction": 0.81640625
              },
              "error_0p1": {
                "input_basis_ideal_cost_ratio": 0.7119140625,
                "input_basis_rank": 162,
                "input_basis_rank_fraction": 0.6328125,
                "output_oracle_ideal_cost_ratio": 0.6767578125,
                "output_oracle_rank": 154,
                "output_oracle_rank_fraction": 0.6015625
              },
              "input_effective_rank": 3.073906421661377
            },
            {
              "error_0p01": {
                "input_basis_ideal_cost_ratio": 1.09423828125,
                "input_basis_rank": 249,
                "input_basis_rank_fraction": 0.97265625,
                "output_oracle_ideal_cost_ratio": 1.08544921875,
                "output_oracle_rank": 247,
                "output_oracle_rank_fraction": 0.96484375
              },
              "error_0p05": {
                "input_basis_ideal_cost_ratio": 0.8876953125,
                "input_basis_rank": 202,
                "input_basis_rank_fraction": 0.7890625,
                "output_oracle_ideal_cost_ratio": 0.86572265625,
                "output_oracle_rank": 197,
                "output_oracle_rank_fraction": 0.76953125
              },
              "error_0p1": {
                "input_basis_ideal_cost_ratio": 0.650390625,
                "input_basis_rank": 148,
                "input_basis_rank_fraction": 0.578125,
                "output_oracle_ideal_cost_ratio": 0.615234375,
                "output_oracle_rank": 140,
                "output_oracle_rank_fraction": 0.546875
              },
              "input_effective_rank": 3.101257085800171
            }
          ],
          "summary": {
            "all_cell_gates_pass": false,
            "error_0p01": {
              "input_basis_ideal_cost_ratio": {
                "max": 1.107421875,
                "median": 1.09423828125,
                "min": 1.072265625,
                "p90": 1.10302734375
              },
              "input_basis_rank_fraction": {
                "max": 0.984375,
                "median": 0.97265625,
                "min": 0.953125,
                "p90": 0.98046875
              },
              "output_oracle_ideal_cost_ratio": {
                "max": 1.10302734375,
                "median": 1.08984375,
                "min": 1.0634765625,
                "p90": 1.0986328125
              },
              "output_oracle_rank_fraction": {
                "max": 0.98046875,
                "median": 0.96875,
                "min": 0.9453125,
                "p90": 0.9765625
              }
            },
            "error_0p05": {
              "input_basis_ideal_cost_ratio": {
                "max": 0.95361328125,
                "median": 0.90966796875,
                "min": 0.85693359375,
                "p90": 0.94482421875
              },
              "input_basis_rank_fraction": {
                "max": 0.84765625,
                "median": 0.80859375,
                "min": 0.76171875,
                "p90": 0.83984375
              },
              "output_oracle_ideal_cost_ratio": {
                "max": 0.931640625,
                "median": 0.8876953125,
                "min": 0.83056640625,
                "p90": 0.9228515625
              },
              "output_oracle_rank_fraction": {
                "max": 0.828125,
                "median": 0.7890625,
                "min": 0.73828125,
                "p90": 0.8203125
              }
            },
            "error_0p1": {
              "input_basis_ideal_cost_ratio": {
                "max": 0.73388671875,
                "median": 0.685546875,
                "min": 0.60205078125,
                "p90": 0.718505859375
              },
              "input_basis_rank_fraction": {
                "max": 0.65234375,
                "median": 0.609375,
                "min": 0.53515625,
                "p90": 0.638671875
              },
              "output_oracle_ideal_cost_ratio": {
                "max": 0.69873046875,
                "median": 0.65478515625,
                "min": 0.5712890625,
                "p90": 0.685546875
              },
              "output_oracle_rank_fraction": {
                "max": 0.62109375,
                "median": 0.58203125,
                "min": 0.5078125,
                "p90": 0.609375
              }
            },
            "gates": {
              "input_basis_median_cost_at_most_0p5": false,
              "input_basis_p90_cost_at_most_0p5": false,
              "oracle_median_cost_at_most_0p5": false,
              "oracle_p90_cost_at_most_0p5": false
            },
            "input_effective_rank": {
              "max": 3.50131893157959,
              "median": 3.1826555728912354,
              "min": 2.880463123321533,
              "p90": 3.4516358375549316
            }
          }
        },
        {
          "depth_fraction": 0.25,
          "kind": "ffn_up",
          "layer": 5,
          "sequence_count": 16,
          "sequences": [
            {
              "error_0p01": {
                "input_basis_ideal_cost_ratio": 1.0986328125,
                "input_basis_rank": 250,
                "input_basis_rank_fraction": 0.9765625,
                "output_oracle_ideal_cost_ratio": 1.0986328125,
                "output_oracle_rank": 250,
                "output_oracle_rank_fraction": 0.9765625
              },
              "error_0p05": {
                "input_basis_ideal_cost_ratio": 0.9755859375,
                "input_basis_rank": 222,
                "input_basis_rank_fraction": 0.8671875,
                "output_oracle_ideal_cost_ratio": 0.97119140625,
                "output_oracle_rank": 221,
                "output_oracle_rank_fraction": 0.86328125
              },
              "error_0p1": {
                "input_basis_ideal_cost_ratio": 0.826171875,
                "input_basis_rank": 188,
                "input_basis_rank_fraction": 0.734375,
                "output_oracle_ideal_cost_ratio": 0.8173828125,
                "output_oracle_rank": 186,
                "output_oracle_rank_fraction": 0.7265625
              },
              "input_effective_rank": 31.072858810424805
            },
            {
              "error_0p01": {
                "input_basis_ideal_cost_ratio": 1.11181640625,
                "input_basis_rank": 253,
                "input_basis_rank_fraction": 0.98828125,
                "output_oracle_ideal_cost_ratio": 1.107421875,
                "output_oracle_rank": 252,
                "output_oracle_rank_fraction": 0.984375
              },
              "error_0p05": {
                "input_basis_ideal_cost_ratio": 1.02392578125,
                "input_basis_rank": 233,
                "input_basis_rank_fraction": 0.91015625,
                "output_oracle_ideal_cost_ratio": 1.01953125,
                "output_oracle_rank": 232,
                "output_oracle_rank_fraction": 0.90625
              },
              "error_0p1": {
                "input_basis_ideal_cost_ratio": 0.9052734375,
                "input_basis_rank": 206,
                "input_basis_rank_fraction": 0.8046875,
                "output_oracle_ideal_cost_ratio": 0.896484375,
                "output_oracle_rank": 204,
                "output_oracle_rank_fraction": 0.796875
              },
              "input_effective_rank": 37.60622787475586
            },
            {
              "error_0p01": {
                "input_basis_ideal_cost_ratio": 1.09423828125,
                "input_basis_rank": 249,
                "input_basis_rank_fraction": 0.97265625,
                "output_oracle_ideal_cost_ratio": 1.09423828125,
                "output_oracle_rank": 249,
                "output_oracle_rank_fraction": 0.97265625
              },
              "error_0p05": {
                "input_basis_ideal_cost_ratio": 0.9755859375,
                "input_basis_rank": 222,
                "input_basis_rank_fraction": 0.8671875,
                "output_oracle_ideal_cost_ratio": 0.97119140625,
                "output_oracle_rank": 221,
                "output_oracle_rank_fraction": 0.86328125
              },
              "error_0p1": {
                "input_basis_ideal_cost_ratio": 0.84814453125,
                "input_basis_rank": 193,
                "input_basis_rank_fraction": 0.75390625,
                "output_oracle_ideal_cost_ratio": 0.83935546875,
                "output_oracle_rank": 191,
                "output_oracle_rank_fraction": 0.74609375
              },
              "input_effective_rank": 33.73191833496094
            },
            {
              "error_0p01": {
                "input_basis_ideal_cost_ratio": 1.107421875,
                "input_basis_rank": 252,
                "input_basis_rank_fraction": 0.984375,
                "output_oracle_ideal_cost_ratio": 1.10302734375,
                "output_oracle_rank": 251,
                "output_oracle_rank_fraction": 0.98046875
              },
              "error_0p05": {
                "input_basis_ideal_cost_ratio": 1.037109375,
                "input_basis_rank": 236,
                "input_basis_rank_fraction": 0.921875,
                "output_oracle_ideal_cost_ratio": 1.03271484375,
                "output_oracle_rank": 235,
                "output_oracle_rank_fraction": 0.91796875
              },
              "error_0p1": {
                "input_basis_ideal_cost_ratio": 0.931640625,
                "input_basis_rank": 212,
                "input_basis_rank_fraction": 0.828125,
                "output_oracle_ideal_cost_ratio": 0.9228515625,
                "output_oracle_rank": 210,
                "output_oracle_rank_fraction": 0.8203125
              },
              "input_effective_rank": 36.677833557128906
            },
            {
              "error_0p01": {
                "input_basis_ideal_cost_ratio": 1.09423828125,
                "input_basis_rank": 249,
                "input_basis_rank_fraction": 0.97265625,
                "output_oracle_ideal_cost_ratio": 1.09423828125,
                "output_oracle_rank": 249,
                "output_oracle_rank_fraction": 0.97265625
              },
              "error_0p05": {
                "input_basis_ideal_cost_ratio": 1.02392578125,
                "input_basis_rank": 233,
                "input_basis_rank_fraction": 0.91015625,
                "output_oracle_ideal_cost_ratio": 1.01953125,
                "output_oracle_rank": 232,
                "output_oracle_rank_fraction": 0.90625
              },
              "error_0p1": {
                "input_basis_ideal_cost_ratio": 0.92724609375,
                "input_basis_rank": 211,
                "input_basis_rank_fraction": 0.82421875,
                "output_oracle_ideal_cost_ratio": 0.9228515625,
                "output_oracle_rank": 210,
                "output_oracle_rank_fraction": 0.8203125
              },
              "input_effective_rank": 48.883567810058594
            },
            {
              "error_0p01": {
                "input_basis_ideal_cost_ratio": 1.0986328125,
                "input_basis_rank": 250,
                "input_basis_rank_fraction": 0.9765625,
                "output_oracle_ideal_cost_ratio": 1.0986328125,
                "output_oracle_rank": 250,
                "output_oracle_rank_fraction": 0.9765625
              },
              "error_0p05": {
                "input_basis_ideal_cost_ratio": 0.99755859375,
                "input_basis_rank": 227,
                "input_basis_rank_fraction": 0.88671875,
                "output_oracle_ideal_cost_ratio": 0.9931640625,
                "output_oracle_rank": 226,
                "output_oracle_rank_fraction": 0.8828125
              },
              "error_0p1": {
                "input_basis_ideal_cost_ratio": 0.896484375,
                "input_basis_rank": 204,
                "input_basis_rank_fraction": 0.796875,
                "output_oracle_ideal_cost_ratio": 0.8876953125,
                "output_oracle_rank": 202,
                "output_oracle_rank_fraction": 0.7890625
              },
              "input_effective_rank": 38.65011215209961
            },
            {
              "error_0p01": {
                "input_basis_ideal_cost_ratio": 1.107421875,
                "input_basis_rank": 252,
                "input_basis_rank_fraction": 0.984375,
                "output_oracle_ideal_cost_ratio": 1.10302734375,
                "output_oracle_rank": 251,
                "output_oracle_rank_fraction": 0.98046875
              },
              "error_0p05": {
                "input_basis_ideal_cost_ratio": 1.0107421875,
                "input_basis_rank": 230,
                "input_basis_rank_fraction": 0.8984375,
                "output_oracle_ideal_cost_ratio": 1.00634765625,
                "output_oracle_rank": 229,
                "output_oracle_rank_fraction": 0.89453125
              },
              "error_0p1": {
                "input_basis_ideal_cost_ratio": 0.896484375,
                "input_basis_rank": 204,
                "input_basis_rank_fraction": 0.796875,
                "output_oracle_ideal_cost_ratio": 0.8876953125,
                "output_oracle_rank": 202,
                "output_oracle_rank_fraction": 0.7890625
              },
              "input_effective_rank": 41.101959228515625
            },
            {
              "error_0p01": {
                "input_basis_ideal_cost_ratio": 1.10302734375,
                "input_basis_rank": 251,
                "input_basis_rank_fraction": 0.98046875,
                "output_oracle_ideal_cost_ratio": 1.10302734375,
                "output_oracle_rank": 251,
                "output_oracle_rank_fraction": 0.98046875
              },
              "error_0p05": {
                "input_basis_ideal_cost_ratio": 0.984375,
                "input_basis_rank": 224,
                "input_basis_rank_fraction": 0.875,
                "output_oracle_ideal_cost_ratio": 0.9755859375,
                "output_oracle_rank": 222,
                "output_oracle_rank_fraction": 0.8671875
              },
              "error_0p1": {
                "input_basis_ideal_cost_ratio": 0.861328125,
                "input_basis_rank": 196,
                "input_basis_rank_fraction": 0.765625,
                "output_oracle_ideal_cost_ratio": 0.8525390625,
                "output_oracle_rank": 194,
                "output_oracle_rank_fraction": 0.7578125
              },
              "input_effective_rank": 30.57440948486328
            },
            {
              "error_0p01": {
                "input_basis_ideal_cost_ratio": 1.107421875,
                "input_basis_rank": 252,
                "input_basis_rank_fraction": 0.984375,
                "output_oracle_ideal_cost_ratio": 1.10302734375,
                "output_oracle_rank": 251,
                "output_oracle_rank_fraction": 0.98046875
              },
              "error_0p05": {
                "input_basis_ideal_cost_ratio": 1.03271484375,
                "input_basis_rank": 235,
                "input_basis_rank_fraction": 0.91796875,
                "output_oracle_ideal_cost_ratio": 1.0283203125,
                "output_oracle_rank": 234,
                "output_oracle_rank_fraction": 0.9140625
              },
              "error_0p1": {
                "input_basis_ideal_cost_ratio": 0.931640625,
                "input_basis_rank": 212,
                "input_basis_rank_fraction": 0.828125,
                "output_oracle_ideal_cost_ratio": 0.9228515625,
                "output_oracle_rank": 210,
                "output_oracle_rank_fraction": 0.8203125
              },
              "input_effective_rank": 47.69185256958008
            },
            {
              "error_0p01": {
                "input_basis_ideal_cost_ratio": 1.10302734375,
                "input_basis_rank": 251,
                "input_basis_rank_fraction": 0.98046875,
                "output_oracle_ideal_cost_ratio": 1.10302734375,
                "output_oracle_rank": 251,
                "output_oracle_rank_fraction": 0.98046875
              },
              "error_0p05": {
                "input_basis_ideal_cost_ratio": 0.966796875,
                "input_basis_rank": 220,
                "input_basis_rank_fraction": 0.859375,
                "output_oracle_ideal_cost_ratio": 0.96240234375,
                "output_oracle_rank": 219,
                "output_oracle_rank_fraction": 0.85546875
              },
              "error_0p1": {
                "input_basis_ideal_cost_ratio": 0.8173828125,
                "input_basis_rank": 186,
                "input_basis_rank_fraction": 0.7265625,
                "output_oracle_ideal_cost_ratio": 0.80859375,
                "output_oracle_rank": 184,
                "output_oracle_rank_fraction": 0.71875
              },
              "input_effective_rank": 28.85915184020996
            },
            {
              "error_0p01": {
                "input_basis_ideal_cost_ratio": 1.107421875,
                "input_basis_rank": 252,
                "input_basis_rank_fraction": 0.984375,
                "output_oracle_ideal_cost_ratio": 1.10302734375,
                "output_oracle_rank": 251,
                "output_oracle_rank_fraction": 0.98046875
              },
              "error_0p05": {
                "input_basis_ideal_cost_ratio": 1.01953125,
                "input_basis_rank": 232,
                "input_basis_rank_fraction": 0.90625,
                "output_oracle_ideal_cost_ratio": 1.01513671875,
                "output_oracle_rank": 231,
                "output_oracle_rank_fraction": 0.90234375
              },
              "error_0p1": {
                "input_basis_ideal_cost_ratio": 0.90087890625,
                "input_basis_rank": 205,
                "input_basis_rank_fraction": 0.80078125,
                "output_oracle_ideal_cost_ratio": 0.89208984375,
                "output_oracle_rank": 203,
                "output_oracle_rank_fraction": 0.79296875
              },
              "input_effective_rank": 39.89472198486328
            },
            {
              "error_0p01": {
                "input_basis_ideal_cost_ratio": 1.107421875,
                "input_basis_rank": 252,
                "input_basis_rank_fraction": 0.984375,
                "output_oracle_ideal_cost_ratio": 1.107421875,
                "output_oracle_rank": 252,
                "output_oracle_rank_fraction": 0.984375
              },
              "error_0p05": {
                "input_basis_ideal_cost_ratio": 1.037109375,
                "input_basis_rank": 236,
                "input_basis_rank_fraction": 0.921875,
                "output_oracle_ideal_cost_ratio": 1.03271484375,
                "output_oracle_rank": 235,
                "output_oracle_rank_fraction": 0.91796875
              },
              "error_0p1": {
                "input_basis_ideal_cost_ratio": 0.93603515625,
                "input_basis_rank": 213,
                "input_basis_rank_fraction": 0.83203125,
                "output_oracle_ideal_cost_ratio": 0.92724609375,
                "output_oracle_rank": 211,
                "output_oracle_rank_fraction": 0.82421875
              },
              "input_effective_rank": 43.468421936035156
            },
            {
              "error_0p01": {
                "input_basis_ideal_cost_ratio": 1.11181640625,
                "input_basis_rank": 253,
                "input_basis_rank_fraction": 0.98828125,
                "output_oracle_ideal_cost_ratio": 1.107421875,
                "output_oracle_rank": 252,
                "output_oracle_rank_fraction": 0.984375
              },
              "error_0p05": {
                "input_basis_ideal_cost_ratio": 0.98876953125,
                "input_basis_rank": 225,
                "input_basis_rank_fraction": 0.87890625,
                "output_oracle_ideal_cost_ratio": 0.984375,
                "output_oracle_rank": 224,
                "output_oracle_rank_fraction": 0.875
              },
              "error_0p1": {
                "input_basis_ideal_cost_ratio": 0.85693359375,
                "input_basis_rank": 195,
                "input_basis_rank_fraction": 0.76171875,
                "output_oracle_ideal_cost_ratio": 0.84814453125,
                "output_oracle_rank": 193,
                "output_oracle_rank_fraction": 0.75390625
              },
              "input_effective_rank": 32.40462875366211
            },
            {
              "error_0p01": {
                "input_basis_ideal_cost_ratio": 1.10302734375,
                "input_basis_rank": 251,
                "input_basis_rank_fraction": 0.98046875,
                "output_oracle_ideal_cost_ratio": 1.0986328125,
                "output_oracle_rank": 250,
                "output_oracle_rank_fraction": 0.9765625
              },
              "error_0p05": {
                "input_basis_ideal_cost_ratio": 0.9931640625,
                "input_basis_rank": 226,
                "input_basis_rank_fraction": 0.8828125,
                "output_oracle_ideal_cost_ratio": 0.98876953125,
                "output_oracle_rank": 225,
                "output_oracle_rank_fraction": 0.87890625
              },
              "error_0p1": {
                "input_basis_ideal_cost_ratio": 0.85693359375,
                "input_basis_rank": 195,
                "input_basis_rank_fraction": 0.76171875,
                "output_oracle_ideal_cost_ratio": 0.84814453125,
                "output_oracle_rank": 193,
                "output_oracle_rank_fraction": 0.75390625
              },
              "input_effective_rank": 38.73317337036133
            },
            {
              "error_0p01": {
                "input_basis_ideal_cost_ratio": 1.11181640625,
                "input_basis_rank": 253,
                "input_basis_rank_fraction": 0.98828125,
                "output_oracle_ideal_cost_ratio": 1.11181640625,
                "output_oracle_rank": 253,
                "output_oracle_rank_fraction": 0.98828125
              },
              "error_0p05": {
                "input_basis_ideal_cost_ratio": 1.0283203125,
                "input_basis_rank": 234,
                "input_basis_rank_fraction": 0.9140625,
                "output_oracle_ideal_cost_ratio": 1.02392578125,
                "output_oracle_rank": 233,
                "output_oracle_rank_fraction": 0.91015625
              },
              "error_0p1": {
                "input_basis_ideal_cost_ratio": 0.9052734375,
                "input_basis_rank": 206,
                "input_basis_rank_fraction": 0.8046875,
                "output_oracle_ideal_cost_ratio": 0.896484375,
                "output_oracle_rank": 204,
                "output_oracle_rank_fraction": 0.796875
              },
              "input_effective_rank": 34.06203079223633
            },
            {
              "error_0p01": {
                "input_basis_ideal_cost_ratio": 1.0986328125,
                "input_basis_rank": 250,
                "input_basis_rank_fraction": 0.9765625,
                "output_oracle_ideal_cost_ratio": 1.09423828125,
                "output_oracle_rank": 249,
                "output_oracle_rank_fraction": 0.97265625
              },
              "error_0p05": {
                "input_basis_ideal_cost_ratio": 0.9580078125,
                "input_basis_rank": 218,
                "input_basis_rank_fraction": 0.8515625,
                "output_oracle_ideal_cost_ratio": 0.95361328125,
                "output_oracle_rank": 217,
                "output_oracle_rank_fraction": 0.84765625
              },
              "error_0p1": {
                "input_basis_ideal_cost_ratio": 0.8173828125,
                "input_basis_rank": 186,
                "input_basis_rank_fraction": 0.7265625,
                "output_oracle_ideal_cost_ratio": 0.80859375,
                "output_oracle_rank": 184,
                "output_oracle_rank_fraction": 0.71875
              },
              "input_effective_rank": 30.801401138305664
            }
          ],
          "summary": {
            "all_cell_gates_pass": false,
            "error_0p01": {
              "input_basis_ideal_cost_ratio": {
                "max": 1.11181640625,
                "median": 1.10302734375,
                "min": 1.09423828125,
                "p90": 1.11181640625
              },
              "input_basis_rank_fraction": {
                "max": 0.98828125,
                "median": 0.98046875,
                "min": 0.97265625,
                "p90": 0.98828125
              },
              "output_oracle_ideal_cost_ratio": {
                "max": 1.11181640625,
                "median": 1.10302734375,
                "min": 1.09423828125,
                "p90": 1.107421875
              },
              "output_oracle_rank_fraction": {
                "max": 0.98828125,
                "median": 0.98046875,
                "min": 0.97265625,
                "p90": 0.984375
              }
            },
            "error_0p05": {
              "input_basis_ideal_cost_ratio": {
                "max": 1.037109375,
                "median": 0.99755859375,
                "min": 0.9580078125,
                "p90": 1.034912109375
              },
              "input_basis_rank_fraction": {
                "max": 0.921875,
                "median": 0.88671875,
                "min": 0.8515625,
                "p90": 0.919921875
              },
              "output_oracle_ideal_cost_ratio": {
                "max": 1.03271484375,
                "median": 0.9931640625,
                "min": 0.95361328125,
                "p90": 1.030517578125
              },
              "output_oracle_rank_fraction": {
                "max": 0.91796875,
                "median": 0.8828125,
                "min": 0.84765625,
                "p90": 0.916015625
              }
            },
            "error_0p1": {
              "input_basis_ideal_cost_ratio": {
                "max": 0.93603515625,
                "median": 0.896484375,
                "min": 0.8173828125,
                "p90": 0.931640625
              },
              "input_basis_rank_fraction": {
                "max": 0.83203125,
                "median": 0.796875,
                "min": 0.7265625,
                "p90": 0.828125
              },
              "output_oracle_ideal_cost_ratio": {
                "max": 0.92724609375,
                "median": 0.8876953125,
                "min": 0.80859375,
                "p90": 0.9228515625
              },
              "output_oracle_rank_fraction": {
                "max": 0.82421875,
                "median": 0.7890625,
                "min": 0.71875,
                "p90": 0.8203125
              }
            },
            "gates": {
              "input_basis_median_cost_at_most_0p5": false,
              "input_basis_p90_cost_at_most_0p5": false,
              "oracle_median_cost_at_most_0p5": false,
              "oracle_p90_cost_at_most_0p5": false
            },
            "input_effective_rank": {
              "max": 48.883567810058594,
              "median": 36.677833557128906,
              "min": 28.85915184020996,
              "p90": 45.58013725280762
            }
          }
        },
        {
          "depth_fraction": 0.5,
          "kind": "ffn_up",
          "layer": 11,
          "sequence_count": 16,
          "sequences": [
            {
              "error_0p01": {
                "input_basis_ideal_cost_ratio": 1.0986328125,
                "input_basis_rank": 250,
                "input_basis_rank_fraction": 0.9765625,
                "output_oracle_ideal_cost_ratio": 1.0986328125,
                "output_oracle_rank": 250,
                "output_oracle_rank_fraction": 0.9765625
              },
              "error_0p05": {
                "input_basis_ideal_cost_ratio": 0.97998046875,
                "input_basis_rank": 223,
                "input_basis_rank_fraction": 0.87109375,
                "output_oracle_ideal_cost_ratio": 0.97119140625,
                "output_oracle_rank": 221,
                "output_oracle_rank_fraction": 0.86328125
              },
              "error_0p1": {
                "input_basis_ideal_cost_ratio": 0.8173828125,
                "input_basis_rank": 186,
                "input_basis_rank_fraction": 0.7265625,
                "output_oracle_ideal_cost_ratio": 0.80859375,
                "output_oracle_rank": 184,
                "output_oracle_rank_fraction": 0.71875
              },
              "input_effective_rank": 13.61308765411377
            },
            {
              "error_0p01": {
                "input_basis_ideal_cost_ratio": 1.10302734375,
                "input_basis_rank": 251,
                "input_basis_rank_fraction": 0.98046875,
                "output_oracle_ideal_cost_ratio": 1.10302734375,
                "output_oracle_rank": 251,
                "output_oracle_rank_fraction": 0.98046875
              },
              "error_0p05": {
                "input_basis_ideal_cost_ratio": 1.02392578125,
                "input_basis_rank": 233,
                "input_basis_rank_fraction": 0.91015625,
                "output_oracle_ideal_cost_ratio": 1.01953125,
                "output_oracle_rank": 232,
                "output_oracle_rank_fraction": 0.90625
              },
              "error_0p1": {
                "input_basis_ideal_cost_ratio": 0.8876953125,
                "input_basis_rank": 202,
                "input_basis_rank_fraction": 0.7890625,
                "output_oracle_ideal_cost_ratio": 0.87451171875,
                "output_oracle_rank": 199,
                "output_oracle_rank_fraction": 0.77734375
              },
              "input_effective_rank": 14.573519706726074
            },
            {
              "error_0p01": {
                "input_basis_ideal_cost_ratio": 1.08984375,
                "input_basis_rank": 248,
                "input_basis_rank_fraction": 0.96875,
                "output_oracle_ideal_cost_ratio": 1.08984375,
                "output_oracle_rank": 248,
                "output_oracle_rank_fraction": 0.96875
              },
              "error_0p05": {
                "input_basis_ideal_cost_ratio": 0.98876953125,
                "input_basis_rank": 225,
                "input_basis_rank_fraction": 0.87890625,
                "output_oracle_ideal_cost_ratio": 0.984375,
                "output_oracle_rank": 224,
                "output_oracle_rank_fraction": 0.875
              },
              "error_0p1": {
                "input_basis_ideal_cost_ratio": 0.84814453125,
                "input_basis_rank": 193,
                "input_basis_rank_fraction": 0.75390625,
                "output_oracle_ideal_cost_ratio": 0.8349609375,
                "output_oracle_rank": 190,
                "output_oracle_rank_fraction": 0.7421875
              },
              "input_effective_rank": 13.251553535461426
            },
            {
              "error_0p01": {
                "input_basis_ideal_cost_ratio": 1.107421875,
                "input_basis_rank": 252,
                "input_basis_rank_fraction": 0.984375,
                "output_oracle_ideal_cost_ratio": 1.107421875,
                "output_oracle_rank": 252,
                "output_oracle_rank_fraction": 0.984375
              },
              "error_0p05": {
                "input_basis_ideal_cost_ratio": 1.04150390625,
                "input_basis_rank": 237,
                "input_basis_rank_fraction": 0.92578125,
                "output_oracle_ideal_cost_ratio": 1.03271484375,
                "output_oracle_rank": 235,
                "output_oracle_rank_fraction": 0.91796875
              },
              "error_0p1": {
                "input_basis_ideal_cost_ratio": 0.9052734375,
                "input_basis_rank": 206,
                "input_basis_rank_fraction": 0.8046875,
                "output_oracle_ideal_cost_ratio": 0.89208984375,
                "output_oracle_rank": 203,
                "output_oracle_rank_fraction": 0.79296875
              },
              "input_effective_rank": 12.163187980651855
            },
            {
              "error_0p01": {
                "input_basis_ideal_cost_ratio": 1.10302734375,
                "input_basis_rank": 251,
                "input_basis_rank_fraction": 0.98046875,
                "output_oracle_ideal_cost_ratio": 1.10302734375,
                "output_oracle_rank": 251,
                "output_oracle_rank_fraction": 0.98046875
              },
              "error_0p05": {
                "input_basis_ideal_cost_ratio": 1.0283203125,
                "input_basis_rank": 234,
                "input_basis_rank_fraction": 0.9140625,
                "output_oracle_ideal_cost_ratio": 1.02392578125,
                "output_oracle_rank": 233,
                "output_oracle_rank_fraction": 0.91015625
              },
              "error_0p1": {
                "input_basis_ideal_cost_ratio": 0.90087890625,
                "input_basis_rank": 205,
                "input_basis_rank_fraction": 0.80078125,
                "output_oracle_ideal_cost_ratio": 0.8876953125,
                "output_oracle_rank": 202,
                "output_oracle_rank_fraction": 0.7890625
              },
              "input_effective_rank": 13.64145565032959
            },
            {
              "error_0p01": {
                "input_basis_ideal_cost_ratio": 1.08984375,
                "input_basis_rank": 248,
                "input_basis_rank_fraction": 0.96875,
                "output_oracle_ideal_cost_ratio": 1.08544921875,
                "output_oracle_rank": 247,
                "output_oracle_rank_fraction": 0.96484375
              },
              "error_0p05": {
                "input_basis_ideal_cost_ratio": 1.001953125,
                "input_basis_rank": 228,
                "input_basis_rank_fraction": 0.890625,
                "output_oracle_ideal_cost_ratio": 0.99755859375,
                "output_oracle_rank": 227,
                "output_oracle_rank_fraction": 0.88671875
              },
              "error_0p1": {
                "input_basis_ideal_cost_ratio": 0.87890625,
                "input_basis_rank": 200,
                "input_basis_rank_fraction": 0.78125,
                "output_oracle_ideal_cost_ratio": 0.86572265625,
                "output_oracle_rank": 197,
                "output_oracle_rank_fraction": 0.76953125
              },
              "input_effective_rank": 14.42585277557373
            },
            {
              "error_0p01": {
                "input_basis_ideal_cost_ratio": 1.107421875,
                "input_basis_rank": 252,
                "input_basis_rank_fraction": 0.984375,
                "output_oracle_ideal_cost_ratio": 1.107421875,
                "output_oracle_rank": 252,
                "output_oracle_rank_fraction": 0.984375
              },
              "error_0p05": {
                "input_basis_ideal_cost_ratio": 1.02392578125,
                "input_basis_rank": 233,
                "input_basis_rank_fraction": 0.91015625,
                "output_oracle_ideal_cost_ratio": 1.01513671875,
                "output_oracle_rank": 231,
                "output_oracle_rank_fraction": 0.90234375
              },
              "error_0p1": {
                "input_basis_ideal_cost_ratio": 0.88330078125,
                "input_basis_rank": 201,
                "input_basis_rank_fraction": 0.78515625,
                "output_oracle_ideal_cost_ratio": 0.8701171875,
                "output_oracle_rank": 198,
                "output_oracle_rank_fraction": 0.7734375
              },
              "input_effective_rank": 14.49394702911377
            },
            {
              "error_0p01": {
                "input_basis_ideal_cost_ratio": 1.0986328125,
                "input_basis_rank": 250,
                "input_basis_rank_fraction": 0.9765625,
                "output_oracle_ideal_cost_ratio": 1.0986328125,
                "output_oracle_rank": 250,
                "output_oracle_rank_fraction": 0.9765625
              },
              "error_0p05": {
                "input_basis_ideal_cost_ratio": 1.001953125,
                "input_basis_rank": 228,
                "input_basis_rank_fraction": 0.890625,
                "output_oracle_ideal_cost_ratio": 0.9931640625,
                "output_oracle_rank": 226,
                "output_oracle_rank_fraction": 0.8828125
              },
              "error_0p1": {
                "input_basis_ideal_cost_ratio": 0.85693359375,
                "input_basis_rank": 195,
                "input_basis_rank_fraction": 0.76171875,
                "output_oracle_ideal_cost_ratio": 0.84375,
                "output_oracle_rank": 192,
                "output_oracle_rank_fraction": 0.75
              },
              "input_effective_rank": 13.060595512390137
            },
            {
              "error_0p01": {
                "input_basis_ideal_cost_ratio": 1.107421875,
                "input_basis_rank": 252,
                "input_basis_rank_fraction": 0.984375,
                "output_oracle_ideal_cost_ratio": 1.107421875,
                "output_oracle_rank": 252,
                "output_oracle_rank_fraction": 0.984375
              },
              "error_0p05": {
                "input_basis_ideal_cost_ratio": 1.04150390625,
                "input_basis_rank": 237,
                "input_basis_rank_fraction": 0.92578125,
                "output_oracle_ideal_cost_ratio": 1.03271484375,
                "output_oracle_rank": 235,
                "output_oracle_rank_fraction": 0.91796875
              },
              "error_0p1": {
                "input_basis_ideal_cost_ratio": 0.9140625,
                "input_basis_rank": 208,
                "input_basis_rank_fraction": 0.8125,
                "output_oracle_ideal_cost_ratio": 0.90087890625,
                "output_oracle_rank": 205,
                "output_oracle_rank_fraction": 0.80078125
              },
              "input_effective_rank": 16.74505615234375
            },
            {
              "error_0p01": {
                "input_basis_ideal_cost_ratio": 1.107421875,
                "input_basis_rank": 252,
                "input_basis_rank_fraction": 0.984375,
                "output_oracle_ideal_cost_ratio": 1.107421875,
                "output_oracle_rank": 252,
                "output_oracle_rank_fraction": 0.984375
              },
              "error_0p05": {
                "input_basis_ideal_cost_ratio": 0.984375,
                "input_basis_rank": 224,
                "input_basis_rank_fraction": 0.875,
                "output_oracle_ideal_cost_ratio": 0.97998046875,
                "output_oracle_rank": 223,
                "output_oracle_rank_fraction": 0.87109375
              },
              "error_0p1": {
                "input_basis_ideal_cost_ratio": 0.81298828125,
                "input_basis_rank": 185,
                "input_basis_rank_fraction": 0.72265625,
                "output_oracle_ideal_cost_ratio": 0.7998046875,
                "output_oracle_rank": 182,
                "output_oracle_rank_fraction": 0.7109375
              },
              "input_effective_rank": 10.87830638885498
            },
            {
              "error_0p01": {
                "input_basis_ideal_cost_ratio": 1.10302734375,
                "input_basis_rank": 251,
                "input_basis_rank_fraction": 0.98046875,
                "output_oracle_ideal_cost_ratio": 1.10302734375,
                "output_oracle_rank": 251,
                "output_oracle_rank_fraction": 0.98046875
              },
              "error_0p05": {
                "input_basis_ideal_cost_ratio": 1.01953125,
                "input_basis_rank": 232,
                "input_basis_rank_fraction": 0.90625,
                "output_oracle_ideal_cost_ratio": 1.0107421875,
                "output_oracle_rank": 230,
                "output_oracle_rank_fraction": 0.8984375
              },
              "error_0p1": {
                "input_basis_ideal_cost_ratio": 0.87890625,
                "input_basis_rank": 200,
                "input_basis_rank_fraction": 0.78125,
                "output_oracle_ideal_cost_ratio": 0.86572265625,
                "output_oracle_rank": 197,
                "output_oracle_rank_fraction": 0.76953125
              },
              "input_effective_rank": 13.825297355651855
            },
            {
              "error_0p01": {
                "input_basis_ideal_cost_ratio": 1.1162109375,
                "input_basis_rank": 254,
                "input_basis_rank_fraction": 0.9921875,
                "output_oracle_ideal_cost_ratio": 1.11181640625,
                "output_oracle_rank": 253,
                "output_oracle_rank_fraction": 0.98828125
              },
              "error_0p05": {
                "input_basis_ideal_cost_ratio": 1.04150390625,
                "input_basis_rank": 237,
                "input_basis_rank_fraction": 0.92578125,
                "output_oracle_ideal_cost_ratio": 1.03271484375,
                "output_oracle_rank": 235,
                "output_oracle_rank_fraction": 0.91796875
              },
              "error_0p1": {
                "input_basis_ideal_cost_ratio": 0.9052734375,
                "input_basis_rank": 206,
                "input_basis_rank_fraction": 0.8046875,
                "output_oracle_ideal_cost_ratio": 0.89208984375,
                "output_oracle_rank": 203,
                "output_oracle_rank_fraction": 0.79296875
              },
              "input_effective_rank": 14.976401329040527
            },
            {
              "error_0p01": {
                "input_basis_ideal_cost_ratio": 1.107421875,
                "input_basis_rank": 252,
                "input_basis_rank_fraction": 0.984375,
                "output_oracle_ideal_cost_ratio": 1.107421875,
                "output_oracle_rank": 252,
                "output_oracle_rank_fraction": 0.984375
              },
              "error_0p05": {
                "input_basis_ideal_cost_ratio": 1.001953125,
                "input_basis_rank": 228,
                "input_basis_rank_fraction": 0.890625,
                "output_oracle_ideal_cost_ratio": 0.9931640625,
                "output_oracle_rank": 226,
                "output_oracle_rank_fraction": 0.8828125
              },
              "error_0p1": {
                "input_basis_ideal_cost_ratio": 0.84814453125,
                "input_basis_rank": 193,
                "input_basis_rank_fraction": 0.75390625,
                "output_oracle_ideal_cost_ratio": 0.8349609375,
                "output_oracle_rank": 190,
                "output_oracle_rank_fraction": 0.7421875
              },
              "input_effective_rank": 12.457132339477539
            },
            {
              "error_0p01": {
                "input_basis_ideal_cost_ratio": 1.11181640625,
                "input_basis_rank": 253,
                "input_basis_rank_fraction": 0.98828125,
                "output_oracle_ideal_cost_ratio": 1.107421875,
                "output_oracle_rank": 252,
                "output_oracle_rank_fraction": 0.984375
              },
              "error_0p05": {
                "input_basis_ideal_cost_ratio": 1.01513671875,
                "input_basis_rank": 231,
                "input_basis_rank_fraction": 0.90234375,
                "output_oracle_ideal_cost_ratio": 1.00634765625,
                "output_oracle_rank": 229,
                "output_oracle_rank_fraction": 0.89453125
              },
              "error_0p1": {
                "input_basis_ideal_cost_ratio": 0.861328125,
                "input_basis_rank": 196,
                "input_basis_rank_fraction": 0.765625,
                "output_oracle_ideal_cost_ratio": 0.84814453125,
                "output_oracle_rank": 193,
                "output_oracle_rank_fraction": 0.75390625
              },
              "input_effective_rank": 12.510202407836914
            },
            {
              "error_0p01": {
                "input_basis_ideal_cost_ratio": 1.1162109375,
                "input_basis_rank": 254,
                "input_basis_rank_fraction": 0.9921875,
                "output_oracle_ideal_cost_ratio": 1.11181640625,
                "output_oracle_rank": 253,
                "output_oracle_rank_fraction": 0.98828125
              },
              "error_0p05": {
                "input_basis_ideal_cost_ratio": 1.03271484375,
                "input_basis_rank": 235,
                "input_basis_rank_fraction": 0.91796875,
                "output_oracle_ideal_cost_ratio": 1.0283203125,
                "output_oracle_rank": 234,
                "output_oracle_rank_fraction": 0.9140625
              },
              "error_0p1": {
                "input_basis_ideal_cost_ratio": 0.8876953125,
                "input_basis_rank": 202,
                "input_basis_rank_fraction": 0.7890625,
                "output_oracle_ideal_cost_ratio": 0.87451171875,
                "output_oracle_rank": 199,
                "output_oracle_rank_fraction": 0.77734375
              },
              "input_effective_rank": 12.45161247253418
            },
            {
              "error_0p01": {
                "input_basis_ideal_cost_ratio": 1.107421875,
                "input_basis_rank": 252,
                "input_basis_rank_fraction": 0.984375,
                "output_oracle_ideal_cost_ratio": 1.10302734375,
                "output_oracle_rank": 251,
                "output_oracle_rank_fraction": 0.98046875
              },
              "error_0p05": {
                "input_basis_ideal_cost_ratio": 0.99755859375,
                "input_basis_rank": 227,
                "input_basis_rank_fraction": 0.88671875,
                "output_oracle_ideal_cost_ratio": 0.98876953125,
                "output_oracle_rank": 225,
                "output_oracle_rank_fraction": 0.87890625
              },
              "error_0p1": {
                "input_basis_ideal_cost_ratio": 0.8349609375,
                "input_basis_rank": 190,
                "input_basis_rank_fraction": 0.7421875,
                "output_oracle_ideal_cost_ratio": 0.82177734375,
                "output_oracle_rank": 187,
                "output_oracle_rank_fraction": 0.73046875
              },
              "input_effective_rank": 12.258528709411621
            }
          ],
          "summary": {
            "all_cell_gates_pass": false,
            "error_0p01": {
              "input_basis_ideal_cost_ratio": {
                "max": 1.1162109375,
                "median": 1.107421875,
                "min": 1.08984375,
                "p90": 1.114013671875
              },
              "input_basis_rank_fraction": {
                "max": 0.9921875,
                "median": 0.984375,
                "min": 0.96875,
                "p90": 0.990234375
              },
              "output_oracle_ideal_cost_ratio": {
                "max": 1.11181640625,
                "median": 1.10302734375,
                "min": 1.08544921875,
                "p90": 1.109619140625
              },
              "output_oracle_rank_fraction": {
                "max": 0.98828125,
                "median": 0.98046875,
                "min": 0.96484375,
                "p90": 0.986328125
              }
            },
            "error_0p05": {
              "input_basis_ideal_cost_ratio": {
                "max": 1.04150390625,
                "median": 1.01513671875,
                "min": 0.97998046875,
                "p90": 1.04150390625
              },
              "input_basis_rank_fraction": {
                "max": 0.92578125,
                "median": 0.90234375,
                "min": 0.87109375,
                "p90": 0.92578125
              },
              "output_oracle_ideal_cost_ratio": {
                "max": 1.03271484375,
                "median": 1.00634765625,
                "min": 0.97119140625,
                "p90": 1.03271484375
              },
              "output_oracle_rank_fraction": {
                "max": 0.91796875,
                "median": 0.89453125,
                "min": 0.86328125,
                "p90": 0.91796875
              }
            },
            "error_0p1": {
              "input_basis_ideal_cost_ratio": {
                "max": 0.9140625,
                "median": 0.87890625,
                "min": 0.81298828125,
                "p90": 0.9052734375
              },
              "input_basis_rank_fraction": {
                "max": 0.8125,
                "median": 0.78125,
                "min": 0.72265625,
                "p90": 0.8046875
              },
              "output_oracle_ideal_cost_ratio": {
                "max": 0.90087890625,
                "median": 0.86572265625,
                "min": 0.7998046875,
                "p90": 0.89208984375
              },
              "output_oracle_rank_fraction": {
                "max": 0.80078125,
                "median": 0.76953125,
                "min": 0.7109375,
                "p90": 0.79296875
              }
            },
            "gates": {
              "input_basis_median_cost_at_most_0p5": false,
              "input_basis_p90_cost_at_most_0p5": false,
              "oracle_median_cost_at_most_0p5": false,
              "oracle_p90_cost_at_most_0p5": false
            },
            "input_effective_rank": {
              "max": 16.74505615234375,
              "median": 13.251553535461426,
              "min": 10.87830638885498,
              "p90": 14.7749605178833
            }
          }
        },
        {
          "depth_fraction": 0.75,
          "kind": "ffn_up",
          "layer": 17,
          "sequence_count": 16,
          "sequences": [
            {
              "error_0p01": {
                "input_basis_ideal_cost_ratio": 1.09423828125,
                "input_basis_rank": 249,
                "input_basis_rank_fraction": 0.97265625,
                "output_oracle_ideal_cost_ratio": 1.09423828125,
                "output_oracle_rank": 249,
                "output_oracle_rank_fraction": 0.97265625
              },
              "error_0p05": {
                "input_basis_ideal_cost_ratio": 0.95361328125,
                "input_basis_rank": 217,
                "input_basis_rank_fraction": 0.84765625,
                "output_oracle_ideal_cost_ratio": 0.94921875,
                "output_oracle_rank": 216,
                "output_oracle_rank_fraction": 0.84375
              },
              "error_0p1": {
                "input_basis_ideal_cost_ratio": 0.7822265625,
                "input_basis_rank": 178,
                "input_basis_rank_fraction": 0.6953125,
                "output_oracle_ideal_cost_ratio": 0.76904296875,
                "output_oracle_rank": 175,
                "output_oracle_rank_fraction": 0.68359375
              },
              "input_effective_rank": 12.581066131591797
            },
            {
              "error_0p01": {
                "input_basis_ideal_cost_ratio": 1.10302734375,
                "input_basis_rank": 251,
                "input_basis_rank_fraction": 0.98046875,
                "output_oracle_ideal_cost_ratio": 1.10302734375,
                "output_oracle_rank": 251,
                "output_oracle_rank_fraction": 0.98046875
              },
              "error_0p05": {
                "input_basis_ideal_cost_ratio": 1.00634765625,
                "input_basis_rank": 229,
                "input_basis_rank_fraction": 0.89453125,
                "output_oracle_ideal_cost_ratio": 1.001953125,
                "output_oracle_rank": 228,
                "output_oracle_rank_fraction": 0.890625
              },
              "error_0p1": {
                "input_basis_ideal_cost_ratio": 0.861328125,
                "input_basis_rank": 196,
                "input_basis_rank_fraction": 0.765625,
                "output_oracle_ideal_cost_ratio": 0.84814453125,
                "output_oracle_rank": 193,
                "output_oracle_rank_fraction": 0.75390625
              },
              "input_effective_rank": 14.228333473205566
            },
            {
              "error_0p01": {
                "input_basis_ideal_cost_ratio": 1.08984375,
                "input_basis_rank": 248,
                "input_basis_rank_fraction": 0.96875,
                "output_oracle_ideal_cost_ratio": 1.08544921875,
                "output_oracle_rank": 247,
                "output_oracle_rank_fraction": 0.96484375
              },
              "error_0p05": {
                "input_basis_ideal_cost_ratio": 0.97119140625,
                "input_basis_rank": 221,
                "input_basis_rank_fraction": 0.86328125,
                "output_oracle_ideal_cost_ratio": 0.966796875,
                "output_oracle_rank": 220,
                "output_oracle_rank_fraction": 0.859375
              },
              "error_0p1": {
                "input_basis_ideal_cost_ratio": 0.8173828125,
                "input_basis_rank": 186,
                "input_basis_rank_fraction": 0.7265625,
                "output_oracle_ideal_cost_ratio": 0.80419921875,
                "output_oracle_rank": 183,
                "output_oracle_rank_fraction": 0.71484375
              },
              "input_effective_rank": 13.180940628051758
            },
            {
              "error_0p01": {
                "input_basis_ideal_cost_ratio": 1.107421875,
                "input_basis_rank": 252,
                "input_basis_rank_fraction": 0.984375,
                "output_oracle_ideal_cost_ratio": 1.107421875,
                "output_oracle_rank": 252,
                "output_oracle_rank_fraction": 0.984375
              },
              "error_0p05": {
                "input_basis_ideal_cost_ratio": 1.02392578125,
                "input_basis_rank": 233,
                "input_basis_rank_fraction": 0.91015625,
                "output_oracle_ideal_cost_ratio": 1.01513671875,
                "output_oracle_rank": 231,
                "output_oracle_rank_fraction": 0.90234375
              },
              "error_0p1": {
                "input_basis_ideal_cost_ratio": 0.87451171875,
                "input_basis_rank": 199,
                "input_basis_rank_fraction": 0.77734375,
                "output_oracle_ideal_cost_ratio": 0.86572265625,
                "output_oracle_rank": 197,
                "output_oracle_rank_fraction": 0.76953125
              },
              "input_effective_rank": 11.64597225189209
            },
            {
              "error_0p01": {
                "input_basis_ideal_cost_ratio": 1.10302734375,
                "input_basis_rank": 251,
                "input_basis_rank_fraction": 0.98046875,
                "output_oracle_ideal_cost_ratio": 1.0986328125,
                "output_oracle_rank": 250,
                "output_oracle_rank_fraction": 0.9765625
              },
              "error_0p05": {
                "input_basis_ideal_cost_ratio": 1.0107421875,
                "input_basis_rank": 230,
                "input_basis_rank_fraction": 0.8984375,
                "output_oracle_ideal_cost_ratio": 1.00634765625,
                "output_oracle_rank": 229,
                "output_oracle_rank_fraction": 0.89453125
              },
              "error_0p1": {
                "input_basis_ideal_cost_ratio": 0.8701171875,
                "input_basis_rank": 198,
                "input_basis_rank_fraction": 0.7734375,
                "output_oracle_ideal_cost_ratio": 0.861328125,
                "output_oracle_rank": 196,
                "output_oracle_rank_fraction": 0.765625
              },
              "input_effective_rank": 12.39382553100586
            },
            {
              "error_0p01": {
                "input_basis_ideal_cost_ratio": 1.08984375,
                "input_basis_rank": 248,
                "input_basis_rank_fraction": 0.96875,
                "output_oracle_ideal_cost_ratio": 1.08544921875,
                "output_oracle_rank": 247,
                "output_oracle_rank_fraction": 0.96484375
              },
              "error_0p05": {
                "input_basis_ideal_cost_ratio": 0.984375,
                "input_basis_rank": 224,
                "input_basis_rank_fraction": 0.875,
                "output_oracle_ideal_cost_ratio": 0.97998046875,
                "output_oracle_rank": 223,
                "output_oracle_rank_fraction": 0.87109375
              },
              "error_0p1": {
                "input_basis_ideal_cost_ratio": 0.84814453125,
                "input_basis_rank": 193,
                "input_basis_rank_fraction": 0.75390625,
                "output_oracle_ideal_cost_ratio": 0.83935546875,
                "output_oracle_rank": 191,
                "output_oracle_rank_fraction": 0.74609375
              },
              "input_effective_rank": 14.411163330078125
            },
            {
              "error_0p01": {
                "input_basis_ideal_cost_ratio": 1.107421875,
                "input_basis_rank": 252,
                "input_basis_rank_fraction": 0.984375,
                "output_oracle_ideal_cost_ratio": 1.107421875,
                "output_oracle_rank": 252,
                "output_oracle_rank_fraction": 0.984375
              },
              "error_0p05": {
                "input_basis_ideal_cost_ratio": 1.00634765625,
                "input_basis_rank": 229,
                "input_basis_rank_fraction": 0.89453125,
                "output_oracle_ideal_cost_ratio": 0.99755859375,
                "output_oracle_rank": 227,
                "output_oracle_rank_fraction": 0.88671875
              },
              "error_0p1": {
                "input_basis_ideal_cost_ratio": 0.85693359375,
                "input_basis_rank": 195,
                "input_basis_rank_fraction": 0.76171875,
                "output_oracle_ideal_cost_ratio": 0.84814453125,
                "output_oracle_rank": 193,
                "output_oracle_rank_fraction": 0.75390625
              },
              "input_effective_rank": 14.036359786987305
            },
            {
              "error_0p01": {
                "input_basis_ideal_cost_ratio": 1.10302734375,
                "input_basis_rank": 251,
                "input_basis_rank_fraction": 0.98046875,
                "output_oracle_ideal_cost_ratio": 1.10302734375,
                "output_oracle_rank": 251,
                "output_oracle_rank_fraction": 0.98046875
              },
              "error_0p05": {
                "input_basis_ideal_cost_ratio": 1.00634765625,
                "input_basis_rank": 229,
                "input_basis_rank_fraction": 0.89453125,
                "output_oracle_ideal_cost_ratio": 0.99755859375,
                "output_oracle_rank": 227,
                "output_oracle_rank_fraction": 0.88671875
              },
              "error_0p1": {
                "input_basis_ideal_cost_ratio": 0.861328125,
                "input_basis_rank": 196,
                "input_basis_rank_fraction": 0.765625,
                "output_oracle_ideal_cost_ratio": 0.84814453125,
                "output_oracle_rank": 193,
                "output_oracle_rank_fraction": 0.75390625
              },
              "input_effective_rank": 13.409751892089844
            },
            {
              "error_0p01": {
                "input_basis_ideal_cost_ratio": 1.11181640625,
                "input_basis_rank": 253,
                "input_basis_rank_fraction": 0.98828125,
                "output_oracle_ideal_cost_ratio": 1.107421875,
                "output_oracle_rank": 252,
                "output_oracle_rank_fraction": 0.984375
              },
              "error_0p05": {
                "input_basis_ideal_cost_ratio": 1.0283203125,
                "input_basis_rank": 234,
                "input_basis_rank_fraction": 0.9140625,
                "output_oracle_ideal_cost_ratio": 1.02392578125,
                "output_oracle_rank": 233,
                "output_oracle_rank_fraction": 0.91015625
              },
              "error_0p1": {
                "input_basis_ideal_cost_ratio": 0.89208984375,
                "input_basis_rank": 203,
                "input_basis_rank_fraction": 0.79296875,
                "output_oracle_ideal_cost_ratio": 0.87890625,
                "output_oracle_rank": 200,
                "output_oracle_rank_fraction": 0.78125
              },
              "input_effective_rank": 16.771915435791016
            },
            {
              "error_0p01": {
                "input_basis_ideal_cost_ratio": 1.107421875,
                "input_basis_rank": 252,
                "input_basis_rank_fraction": 0.984375,
                "output_oracle_ideal_cost_ratio": 1.107421875,
                "output_oracle_rank": 252,
                "output_oracle_rank_fraction": 0.984375
              },
              "error_0p05": {
                "input_basis_ideal_cost_ratio": 0.966796875,
                "input_basis_rank": 220,
                "input_basis_rank_fraction": 0.859375,
                "output_oracle_ideal_cost_ratio": 0.9580078125,
                "output_oracle_rank": 218,
                "output_oracle_rank_fraction": 0.8515625
              },
              "error_0p1": {
                "input_basis_ideal_cost_ratio": 0.7734375,
                "input_basis_rank": 176,
                "input_basis_rank_fraction": 0.6875,
                "output_oracle_ideal_cost_ratio": 0.76025390625,
                "output_oracle_rank": 173,
                "output_oracle_rank_fraction": 0.67578125
              },
              "input_effective_rank": 9.71785831451416
            },
            {
              "error_0p01": {
                "input_basis_ideal_cost_ratio": 1.10302734375,
                "input_basis_rank": 251,
                "input_basis_rank_fraction": 0.98046875,
                "output_oracle_ideal_cost_ratio": 1.10302734375,
                "output_oracle_rank": 251,
                "output_oracle_rank_fraction": 0.98046875
              },
              "error_0p05": {
                "input_basis_ideal_cost_ratio": 1.001953125,
                "input_basis_rank": 228,
                "input_basis_rank_fraction": 0.890625,
                "output_oracle_ideal_cost_ratio": 0.9931640625,
                "output_oracle_rank": 226,
                "output_oracle_rank_fraction": 0.8828125
              },
              "error_0p1": {
                "input_basis_ideal_cost_ratio": 0.84814453125,
                "input_basis_rank": 193,
                "input_basis_rank_fraction": 0.75390625,
                "output_oracle_ideal_cost_ratio": 0.8349609375,
                "output_oracle_rank": 190,
                "output_oracle_rank_fraction": 0.7421875
              },
              "input_effective_rank": 14.233487129211426
            },
            {
              "error_0p01": {
                "input_basis_ideal_cost_ratio": 1.11181640625,
                "input_basis_rank": 253,
                "input_basis_rank_fraction": 0.98828125,
                "output_oracle_ideal_cost_ratio": 1.11181640625,
                "output_oracle_rank": 253,
                "output_oracle_rank_fraction": 0.98828125
              },
              "error_0p05": {
                "input_basis_ideal_cost_ratio": 1.02392578125,
                "input_basis_rank": 233,
                "input_basis_rank_fraction": 0.91015625,
                "output_oracle_ideal_cost_ratio": 1.01513671875,
                "output_oracle_rank": 231,
                "output_oracle_rank_fraction": 0.90234375
              },
              "error_0p1": {
                "input_basis_ideal_cost_ratio": 0.87451171875,
                "input_basis_rank": 199,
                "input_basis_rank_fraction": 0.77734375,
                "output_oracle_ideal_cost_ratio": 0.861328125,
                "output_oracle_rank": 196,
                "output_oracle_rank_fraction": 0.765625
              },
              "input_effective_rank": 14.203156471252441
            },
            {
              "error_0p01": {
                "input_basis_ideal_cost_ratio": 1.107421875,
                "input_basis_rank": 252,
                "input_basis_rank_fraction": 0.984375,
                "output_oracle_ideal_cost_ratio": 1.107421875,
                "output_oracle_rank": 252,
                "output_oracle_rank_fraction": 0.984375
              },
              "error_0p05": {
                "input_basis_ideal_cost_ratio": 0.984375,
                "input_basis_rank": 224,
                "input_basis_rank_fraction": 0.875,
                "output_oracle_ideal_cost_ratio": 0.9755859375,
                "output_oracle_rank": 222,
                "output_oracle_rank_fraction": 0.8671875
              },
              "error_0p1": {
                "input_basis_ideal_cost_ratio": 0.81298828125,
                "input_basis_rank": 185,
                "input_basis_rank_fraction": 0.72265625,
                "output_oracle_ideal_cost_ratio": 0.80419921875,
                "output_oracle_rank": 183,
                "output_oracle_rank_fraction": 0.71484375
              },
              "input_effective_rank": 11.098776817321777
            },
            {
              "error_0p01": {
                "input_basis_ideal_cost_ratio": 1.11181640625,
                "input_basis_rank": 253,
                "input_basis_rank_fraction": 0.98828125,
                "output_oracle_ideal_cost_ratio": 1.107421875,
                "output_oracle_rank": 252,
                "output_oracle_rank_fraction": 0.984375
              },
              "error_0p05": {
                "input_basis_ideal_cost_ratio": 0.99755859375,
                "input_basis_rank": 227,
                "input_basis_rank_fraction": 0.88671875,
                "output_oracle_ideal_cost_ratio": 0.98876953125,
                "output_oracle_rank": 225,
                "output_oracle_rank_fraction": 0.87890625
              },
              "error_0p1": {
                "input_basis_ideal_cost_ratio": 0.83056640625,
                "input_basis_rank": 189,
                "input_basis_rank_fraction": 0.73828125,
                "output_oracle_ideal_cost_ratio": 0.8173828125,
                "output_oracle_rank": 186,
                "output_oracle_rank_fraction": 0.7265625
              },
              "input_effective_rank": 11.00944709777832
            },
            {
              "error_0p01": {
                "input_basis_ideal_cost_ratio": 1.1162109375,
                "input_basis_rank": 254,
                "input_basis_rank_fraction": 0.9921875,
                "output_oracle_ideal_cost_ratio": 1.11181640625,
                "output_oracle_rank": 253,
                "output_oracle_rank_fraction": 0.98828125
              },
              "error_0p05": {
                "input_basis_ideal_cost_ratio": 1.01513671875,
                "input_basis_rank": 231,
                "input_basis_rank_fraction": 0.90234375,
                "output_oracle_ideal_cost_ratio": 1.00634765625,
                "output_oracle_rank": 229,
                "output_oracle_rank_fraction": 0.89453125
              },
              "error_0p1": {
                "input_basis_ideal_cost_ratio": 0.85693359375,
                "input_basis_rank": 195,
                "input_basis_rank_fraction": 0.76171875,
                "output_oracle_ideal_cost_ratio": 0.84375,
                "output_oracle_rank": 192,
                "output_oracle_rank_fraction": 0.75
              },
              "input_effective_rank": 9.704553604125977
            },
            {
              "error_0p01": {
                "input_basis_ideal_cost_ratio": 1.107421875,
                "input_basis_rank": 252,
                "input_basis_rank_fraction": 0.984375,
                "output_oracle_ideal_cost_ratio": 1.107421875,
                "output_oracle_rank": 252,
                "output_oracle_rank_fraction": 0.984375
              },
              "error_0p05": {
                "input_basis_ideal_cost_ratio": 0.984375,
                "input_basis_rank": 224,
                "input_basis_rank_fraction": 0.875,
                "output_oracle_ideal_cost_ratio": 0.9755859375,
                "output_oracle_rank": 222,
                "output_oracle_rank_fraction": 0.8671875
              },
              "error_0p1": {
                "input_basis_ideal_cost_ratio": 0.7998046875,
                "input_basis_rank": 182,
                "input_basis_rank_fraction": 0.7109375,
                "output_oracle_ideal_cost_ratio": 0.78662109375,
                "output_oracle_rank": 179,
                "output_oracle_rank_fraction": 0.69921875
              },
              "input_effective_rank": 10.610108375549316
            }
          ],
          "summary": {
            "all_cell_gates_pass": false,
            "error_0p01": {
              "input_basis_ideal_cost_ratio": {
                "max": 1.1162109375,
                "median": 1.107421875,
                "min": 1.08984375,
                "p90": 1.11181640625
              },
              "input_basis_rank_fraction": {
                "max": 0.9921875,
                "median": 0.984375,
                "min": 0.96875,
                "p90": 0.98828125
              },
              "output_oracle_ideal_cost_ratio": {
                "max": 1.11181640625,
                "median": 1.107421875,
                "min": 1.08544921875,
                "p90": 1.109619140625
              },
              "output_oracle_rank_fraction": {
                "max": 0.98828125,
                "median": 0.984375,
                "min": 0.96484375,
                "p90": 0.986328125
              }
            },
            "error_0p05": {
              "input_basis_ideal_cost_ratio": {
                "max": 1.0283203125,
                "median": 1.001953125,
                "min": 0.95361328125,
                "p90": 1.02392578125
              },
              "input_basis_rank_fraction": {
                "max": 0.9140625,
                "median": 0.890625,
                "min": 0.84765625,
                "p90": 0.91015625
              },
              "output_oracle_ideal_cost_ratio": {
                "max": 1.02392578125,
                "median": 0.9931640625,
                "min": 0.94921875,
                "p90": 1.01513671875
              },
              "output_oracle_rank_fraction": {
                "max": 0.91015625,
                "median": 0.8828125,
                "min": 0.84375,
                "p90": 0.90234375
              }
            },
            "error_0p1": {
              "input_basis_ideal_cost_ratio": {
                "max": 0.89208984375,
                "median": 0.84814453125,
                "min": 0.7734375,
                "p90": 0.87451171875
              },
              "input_basis_rank_fraction": {
                "max": 0.79296875,
                "median": 0.75390625,
                "min": 0.6875,
                "p90": 0.77734375
              },
              "output_oracle_ideal_cost_ratio": {
                "max": 0.87890625,
                "median": 0.83935546875,
                "min": 0.76025390625,
                "p90": 0.863525390625
              },
              "output_oracle_rank_fraction": {
                "max": 0.78125,
                "median": 0.74609375,
                "min": 0.67578125,
                "p90": 0.767578125
              }
            },
            "gates": {
              "input_basis_median_cost_at_most_0p5": false,
              "input_basis_p90_cost_at_most_0p5": false,
              "oracle_median_cost_at_most_0p5": false,
              "oracle_p90_cost_at_most_0p5": false
            },
            "input_effective_rank": {
              "max": 16.771915435791016,
              "median": 12.581066131591797,
              "min": 9.704553604125977,
              "p90": 14.322325229644775
            }
          }
        }
      ],
      "hidden_size": 2048,
      "layer_count": 24,
      "model_id": "HuggingFaceTB/SmolLM2-1.7B",
      "revision": "effd688a12921b4cc83e3312b6feb579f70f9c71"
    }
  ],
  "preregistration_sha256": "f5ed05ec0676d9a2d938bc22fef659adbe18a3d71706b5d998a41a8ad021c591",
  "schema": "oracle-token-basis-matmul-v1",
  "source_sha256": "f49a1f84481cfcb6894355f1d945f6426bc62f10506b34e5bdf8c2ce04c4a310",
  "status": "closed_at_oracle_rank_gate",
  "width_trends": [
    {
      "input_basis_median_cost_ratios": [
        1.3315972222222223,
        1.1924479166666666,
        1.06787109375
      ],
      "input_basis_non_worsening": true,
      "kind": "qkv",
      "oracle_median_cost_ratios": [
        1.2921006944444444,
        1.1677083333333333,
        1.05908203125
      ],
      "oracle_non_worsening": true,
      "position": 0
    },
    {
      "input_basis_median_cost_ratios": [
        1.3767361111111112,
        1.2072916666666667,
        1.08984375
      ],
      "input_basis_non_worsening": true,
      "kind": "qkv",
      "oracle_median_cost_ratios": [
        1.3203125,
        1.1875,
        1.08544921875
      ],
      "oracle_non_worsening": true,
      "position": 1
    },
    {
      "input_basis_median_cost_ratios": [
        1.3880208333333333,
        1.2221354166666667,
        1.09423828125
      ],
      "input_basis_non_worsening": true,
      "kind": "qkv",
      "oracle_median_cost_ratios": [
        1.3372395833333333,
        1.20234375,
        1.08984375
      ],
      "oracle_non_worsening": true,
      "position": 2
    },
    {
      "input_basis_median_cost_ratios": [
        1.3880208333333333,
        1.2419270833333333,
        1.10302734375
      ],
      "input_basis_non_worsening": true,
      "kind": "ffn_up",
      "oracle_median_cost_ratios": [
        1.3823784722222223,
        1.2419270833333333,
        1.10302734375
      ],
      "oracle_non_worsening": true,
      "position": 0
    },
    {
      "input_basis_median_cost_ratios": [
        1.4105902777777777,
        1.2369791666666667,
        1.107421875
      ],
      "input_basis_non_worsening": true,
      "kind": "ffn_up",
      "oracle_median_cost_ratios": [
        1.4049479166666667,
        1.2369791666666667,
        1.10302734375
      ],
      "oracle_non_worsening": true,
      "position": 1
    },
    {
      "input_basis_median_cost_ratios": [
        1.4049479166666667,
        1.23203125,
        1.107421875
      ],
      "input_basis_non_worsening": true,
      "kind": "ffn_up",
      "oracle_median_cost_ratios": [
        1.3936631944444444,
        1.23203125,
        1.107421875
      ],
      "oracle_non_worsening": true,
      "position": 2
    }
  ]
}
